/*
SQLyog Community v13.1.7 (64 bit)
MySQL - 5.7.29-log : Database - ors_p10
*********************************************************************
*/

/*!40101 SET NAMES utf8 */;

/*!40101 SET SQL_MODE=''*/;

/*!40014 SET @OLD_UNIQUE_CHECKS=@@UNIQUE_CHECKS, UNIQUE_CHECKS=0 */;
/*!40014 SET @OLD_FOREIGN_KEY_CHECKS=@@FOREIGN_KEY_CHECKS, FOREIGN_KEY_CHECKS=0 */;
/*!40101 SET @OLD_SQL_MODE=@@SQL_MODE, SQL_MODE='NO_AUTO_VALUE_ON_ZERO' */;
/*!40111 SET @OLD_SQL_NOTES=@@SQL_NOTES, SQL_NOTES=0 */;
CREATE DATABASE /*!32312 IF NOT EXISTS*/`ors_p10` /*!40100 DEFAULT CHARACTER SET latin1 */;

USE `ors_p10`;

/*Table structure for table `ncs_attachment` */

DROP TABLE IF EXISTS `ncs_attachment`;

CREATE TABLE `ncs_attachment` (
  `id` bigint(20) NOT NULL AUTO_INCREMENT,
  `created_by` varchar(50) DEFAULT NULL,
  `created_datetime` datetime DEFAULT NULL,
  `modified_by` varchar(50) DEFAULT NULL,
  `modified_datetime` datetime DEFAULT NULL,
  `org_id` bigint(20) DEFAULT NULL,
  `org_name` varchar(50) DEFAULT NULL,
  `description` varchar(500) DEFAULT NULL,
  `user_email` varchar(255) DEFAULT NULL,
  `name` varchar(100) DEFAULT NULL,
  `path` varchar(500) DEFAULT NULL,
  `tags` varchar(500) DEFAULT NULL,
  `type` varchar(100) DEFAULT NULL,
  `user_id` bigint(20) DEFAULT NULL,
  PRIMARY KEY (`id`)
) ENGINE=InnoDB DEFAULT CHARSET=latin1;

/*Data for the table `ncs_attachment` */

/*Table structure for table `st_attachment` */

DROP TABLE IF EXISTS `st_attachment`;

CREATE TABLE `st_attachment` (
  `id` bigint(20) NOT NULL AUTO_INCREMENT,
  `created_by` varchar(50) DEFAULT NULL,
  `created_datetime` datetime DEFAULT NULL,
  `modified_by` varchar(50) DEFAULT NULL,
  `modified_datetime` datetime DEFAULT NULL,
  `org_id` bigint(20) DEFAULT NULL,
  `org_name` varchar(50) DEFAULT NULL,
  `description` varchar(500) DEFAULT NULL,
  `user_email` varchar(255) DEFAULT NULL,
  `name` varchar(100) DEFAULT NULL,
  `path` varchar(500) DEFAULT NULL,
  `tags` varchar(500) DEFAULT NULL,
  `type` varchar(100) DEFAULT NULL,
  `user_id` bigint(20) DEFAULT NULL,
  `doc` longblob,
  PRIMARY KEY (`id`)
) ENGINE=InnoDB AUTO_INCREMENT=12 DEFAULT CHARSET=latin1;

/*Data for the table `st_attachment` */

insert  into `st_attachment`(`id`,`created_by`,`created_datetime`,`modified_by`,`modified_datetime`,`org_id`,`org_name`,`description`,`user_email`,`name`,`path`,`tags`,`type`,`user_id`,`doc`) values 
(1,'root@sunilos.com','2022-05-24 11:36:37','root@sunilos.com','2022-05-24 11:36:37',0,'root','Profile picture',NULL,'1365689336160.jpg','/User/profilePic/2',NULL,'image/jpeg',2,'\0JFIF\0\0\0\0\0\0\0C\0	\Z!\Z\"$\"$\0C\0@\"\0\0\0\0\0\0\0\0\0\0\0\0	\n\0\0\0\0}\0!1AQa\"q2#BR$3br	\n\Z%&\'()*456789:CDEFGHIJSTUVWXYZcdefghijstuvwxyz\0\0\0\0\0\0\0\0	\n\0\0\0w\0!1AQaq\"2B	#3Rbr\n$4%\Z&\'()*56789:CDEFGHIJSTUVWXYZcdefghijstuvwxyz\0\0\0?\0\n((NTXּÏ}f /xO>HS>腴RbQ*353Wwݻuro1QW2{>sym*i)굟!QTV[VtV-f|QoJ!۫\r!f׫x\'Ƶ(vFE-Kk*OdE\Zl-q\ntӫOJ4=yxo\0ZۉZ_\ryX[6ܟwOg[[mW)j.?v\0}VIiz-Wqs\rGwGϷi&ѩWѩ?ӱJ\\ѡv+6xmޭ6^w.&*+Þ%fUW\0\0g=gA]CGi_E{9\"Z&jFgM*>iY~a_wqxLb_kxwQέ>[mkOPy(xnm\'\\WҿP+xOyDY~kͲY겪㵄c/t0?K=dm-R=%QAEPEPEPEPR:ƒJ?\Z5?59o/LE ~ٿu2o?/O^nu]nS<YDF6swp\02T.6DH_p(HZڝ/h)ÚV/xGđ\Z4}!6[uo|\r1F<Gq$2步t5<`5_klG\'-#[◼yO,FujZ6R<9\\yE&UпvE;4f`\Z6Ө2\0\rjQ[eOq=~͕^+i\0\nr.2?+<Uw[NFWGڻS45kK9\Z)RUV>-m_N\0MYjk{9eh vV\0ڧí\ZY|^ZF[kؿrioZcxR-;kH?/tm[)GQE5[4B((((F鿎|ݮ}־\ZH>#ёU/U|$`S?Z?^4SǼ5:qbe.&*zZT%/^uekWh5ҽz1cz\nq=7dJt\0^UHU~5x/\'8JD;\0j(_viH~fj։AFɈ2W}\0{W}sޗ\'zNf:E>BQE$Q@Q4\0??5梒j]&*e.QZaUuW9<op\0_wέZ+{7\0v麥敨y$R˱Bfox1u<p\'T+_#\r]x#w-ʾz/jj3*Trfg\ZWdIQ_\\QR@QE\0QE\0gu\0v%4\nwZ<pΪoǌ׎gcUYywW~[hpN@U|6~i˿r@Sٶh\Z}w65-ZNnd_?jծ˔N1\0׫Mmڻ~?:;~u\0fZg6|8.t\"hg\0v<L43Wx2nvʵZ/6YUԏ1ߋu Zcľ\'<+֫:m t\"ݫ}SN|ܣD׉h=7ڟk/y_Z}Y>MKN/>\r~j7]W-QjSH$[Y6w宧ÿ(!߸}DpҐF<Ӌ2\0~\rxQ_].F|+2o[KMmu]UVS*J2Ӫ85%sS\0|2nNGk$YɺAg5:rz>~\r+!_\Z7/X;VkFoZ?i?q4Lŵ~Z8IJ\\G]{W|v/[^i3Mɷj_q2C%%]_zO^?\\lo4Ng|\\d_w|ٖX?[̧\0_@~ЯI)VV_&y,Q\0V&>k,M׆/s@ٿV^\0USj}MyS( (\0(\0+3[þԵWZ(-uu?gk7mkVƚψvgyoG,<?]\0\"d?SZ۷mA\Z-Zm)#Fީ6yFm̿-=No]JxCYvm/L&fky۫j-tzw̩}xRkUKuܭ^skpm\"m򖼿7Dk=sY_wZ4u=R<gf6oyk͹~5gYC}ܴvs+67ޯ[\'!,>Vo7&4c.c˧՚Uh3\0j;е\'Mn⩎\"w?=VfvFjK5`,\"<\0 @V[|Zde\\)7|<R5ݬJceJo3JQVsڢjPE\ZM\n藰hڻ\'n2>c}XS.j(~h;2^P]$p<<j_WV%.\'[nSo寏\\N֍{|kE`yn|;u;XS|]TjqrBmcs?(ut-vuۿW>xSL_=*es-*-]UF\\0c#A99	;a}i;>xFZ@ʱiq_sĚe˦+mlK3cMe2oZZ)>Ybouz7xKjY3\\\0Ĉl%6定9Sh\0pPy{v\0Wb_$\0R8\0~w\Z(̀(\0(YGʻwGRj1#2ۣ3Z_V\'A\rUD>ݻoT+-\0L?\Z)AԶD3Utv8W021lKs]ϏO3\\[FFz7+ss^ԟ\"Ƿʵ0K\"Dm谔aPƴN){^1.O>iyk3Wky//k鷷Iy*]w歽c{g/֏pi\0ye^k\ZB\"QWZbZ@@*V3ukɜ)G3?-\n9޳nw6XO<q\0r(?Yk156F\rWm}A,I-)Y\Zʽas+5bC4eOoYʟ1نYkQKm*2ʭkVo\'Ү,;g;_EX:-\\bV7\r-ƼnIjԑwR08bL\'ھu5Q~fڵx^[HU~3Db\\)*AT_2|@5-I[ܻkOڳj_KݗkOfɱ>vm4o_9|:WF\ZYvW\'|Cn/4B)7}ݺEF~}oQZyŷs\"\0om.+/\riy̭\0Ch\0dU`|!m\Z9!T[o]Tj{(o5H*_)-._ﾕV^\n( (\0(\0i;EykUkЏݬijZǶ%Pw[^66~+m&E9[5y⦷`9Kx-lrn/-X?/UxQ6M>oN<ckKŤ|k/7\nݯi	m5.ݵ<O4ڔf$iV鏆>444Jȿ>Xwv\"TA\Z-sN1cjܧ7V|r4VRK\n&ݻ\0ao\"v\0\r|a-STծk0e?1?hl-Od_̿ytm>^HڪKW/\rPmȷ-nx{<E~PKxLbq\\I[G7[{cmQD[e\Z7AdӼUszRWul~ο|$R/YY[N]a}\"_G|9i#jWƊ}Vo1mSړjڿ(O<↊Ś}մmoʿWi-+m}qc:-UcjהJ1,F߅\"<ӓ4> i\Z橧y\Z-Ϸem\r\ZS\ZΥy2eM\\e\\jr |Z^xrubV۹>D[F%v3/_.ߛkUIH|vR⏇49>jzuntmúFW9#ӵϷcʭXKOĭNcsVN]>hǔ<mM@YU_r+\Z2a/xGOJڟngYKL|}[UWUd\0jz\Z/)Y`l\0m_YYJ>,Z(QE\0QE\0T1,пKVGJC-Z.\'!.KQڧo\Zm?n	-\\\r**3*\0_/tfFWjhJHM\nSX7?]w!Qt[ݓtQ_5t7๤_^\rmZo?!ᦫ(mW>@]a6ꥥ*kDW#8xf=z]-y+}|ۛ{nZ֋wWcVZnX\Z\0d4OxE,%hkk{Zlgu\\!DUޭ%OYINQ\"[D٩#VۺOEEU\rI/ݥm⢐3%)H\"`k\\yڽLE5s?xYZYܿv\"m4g\0k?GӇJdtҭpQ-C\"Ԉoު,͚#}ڞ&5r*ѷP]Kĵqjn\n\'߳jI|h%ߕvW-h\0&V?jz\Zr+30(\0(̫(f`/SUcGWot__fUZ[{gtcZӒ,?ʻE~x][{Z\'\0WG9x>VX-tSS8i>dݨ\0v2mxĭ\0UF\n4BQ-5~W?`/GOe-USL=O#bmZ|%GmC\n,^K-IRnnvQ][>1*GrfxzuMk;y>	|ٕ1<e>YsUwPvE}ጃoUU4wii7-}s!_j+ݚrKhN,Poz\'InλRzl6lRj66^JCb_8\0NxiZ>IREJ13PDt\\go>7ơFމ[s-uovcz՘\04ז}WH4Oվ&9am$7/<*1>\rIUKi|WmoX%QP@16ު>i֋|5\"=[wsV\'\0f|Ef{̻edcvGmEVfaEPEPIl>V^A6їrh^6 iN\\?;YxLnSٛnj0|Gvjc㧄]AWUݷmc|\"ij>Cj2>\\WvLYқ|Y/\ZuZ5w>>O>IAk}Yh2\0zqUe]4,wVޟ*ø_.y6՟/,\"Q>BśZUj&[7mhC*Mc\r}V=<{XD˺L寒\Zx[kxYn/|A¡O3sT:q=yziTnAjVMc|t}QRfZ;1UܵÏk;P-s_fB[4LW?gKT,֍}=UK=\\xӌ#|So\0	-,eVge\0uğ|Q]6dfom}_\0DD׻?_\n5+4UI]~2$뛘{࿉(;idDtfUҼMiTݻux?g-+Xny-ֻ2JѡgX~ͶA?e\"_^|utmU^]DZr|y?5}#cCkh\"|zV %=~WNzrM\Z+AZZMӣFfXn*Ɍ )\0Me~8uUQ.\'5^)g\Z>Ѽ)n~\0?3WVzNDڴ@2Sv0(\0(v,$˹j?W󯍳,:;Ev[\n-c}\"W2-lt\ZmthnEKg_0<_;:KhƱ*?MVMn[m)Uml+-~fӭ5OAp̣_:]nm[Sʵ?d϶ޡ\'\0sDk15妉)_9#vެ|խ\'y8_C}R=Ѷ宷I[q]q(\0\r:r>og/t\\)\nݛ^+%&tX*|5c#h˚}5\0VRX4kfv!UQMN9(\Z\0nsPThc\nл0Vj[c]ۦgU|&ſU[mZ/\rkQ\"dmC-Eoq.+-RbHإݧ|juHunxMU~oUQ/\Z	%_~̡T&?zQR@QE\0QE\0n*3+2ӏJiUj_Uҵ=Ueo[z륑YYZ|V\'Wxb\0z\0i֚Z/lT;%Sd\\}Ϳ5|3E-7\0zԤ~\'}OWʲ3#3|8[R4RR>f\0Rd<gk{o)[+^ZU>\0ye恠&a_ޑ9U*jjٝYTtm>bp|Z<g|8i&DTc3-}\r<G=tTuogd-}#l#ez\0v{tgk;m6ւ6t*.ڻ6ܻk<˚CӾaE6!-Zl6ZյK=:\' eGĭK=7͵k|\\\rz=y\"QY[kCZ49hŷn4=Ee+7W=HԴ{QUvM̌Z\'?7	k5	.ߗB2?\'mg4۴ٞMⶆZVQAmuWv|L[k_WQH&/,kKcFܪ}b]C*sfNT}QjO+h(Vݱ\0\0)w_k*\Z+f!uu~uXx\0bP%5ώJgWwV\'%\\59G=jJfW:_()7R\'z;ѶH$QEIEPEPȦm)3w5hFO\0v?xNO7ʵ7\"FL˖Gh^5\Z.k$ZfE_v64R@y[w.LY\0BGm\0Up%?sr򟳧^\"ӴWE/lj*\0<\'n.=JkU{7r4Ѭ!Y!RO[ؘ;&-Ѷ/WMb8\0B,1|yiGCHw^-_Okf-$W:`,_3{VOJ}Jg6խ~+W:|LZڕZO.qi[4T0vrп/RjO*{?7TO[}w^eq3ZY^YEۺ|5ĥ(m7աt?	㚷B{Erۮ˹w|^/K$\0iЕp7ު:MQyګ\\ilw,Lޫ)I{寏<i\0W~(m~Rݎ-ʎ,ֱe{>/\0*#6֭XM̌:#;\\n7=}o3XkԵ6\"vC^OO<%k^i3I\r7čAm:Ͽw\0|רe?ĻjYW`gF<j.իiӔg5&|Դ\r2GzjNDAETQE\0QE\0QE\0-\'EP,vNXi!kNvdV媠]9r>!ii<A7m3~ZdM拠[,_7s-z[	aIem\0ڿĪ{wOFY[I3^O)>jH|YM-iE}[шs\ZĖ77\r^ੜē]kơ5Msv%Xwm(v^½QӣIw;|^O⯙>kOjx~GeUt\0vV6-NVj<5?vژHY\"sNS&EmsU$7_\Zoԁ\0(Y.mb\0o*\'^_ӧh\\;;mZK\0fZj\0̵j%NSO\'^^պ2nt{(4\"UUEU[,[vV_JS:r$|Jj~ZusZ:\'jJvȥ(wzjwzr	QR@QE\0QE\0QE\0QE\0u_қTK]Z<Օ|\Zqsl^;:\Zޯo:ՍϕU\0*Uof>X7i!wRmY|O)`ʕ|> EvFYw-G#Jyd}IiV&deՙk޼ uM_K]xmIYYw|\0^OirdurΙ^\'PL42͹kAaw}K)F\"ռ\0X.nU\0Y;Z嶬vyʪvj<r)VUsĴSTZu1MDF(R@\'zTu,DA𥪽E6hL3Qͬ x\0VE߈4ݶ*aoVj~Uӷ-ՔYͅQYQE\0QE\0QE\0QE\0t\0j.+ۣ{mi\0_JB/VSj\\Ok5 nh6|N_Cy<>_rw̋\0f~ɬbQtj}3c{SW2le\Z>Y-aXxW׏7OZGޭ9#O\nlyV1lg<O-2+\'Mʻ[;Rum\ZfI?tk7OJz=ŋBѪok\ZArϻTQh3kTzu6Q&Y{5n+{=ku+,Jޭ8~2>trեN6^9N{OwWcNbT*f~FZ/eV[R\rjeʻ8ґ||O\ZUijqUQ\"H#w5y\"ݧ\0zp߲͹\0Zҝ	JDʟ)횶mH__xIUs6bI9ZWbWK	\"]B{&>V\rM[_:xEeݹ˫N׭Dfۻo_hx[Ettme\rEU;לQEIEPEPEPEPEP\0:r\"Zhj?ۧM_*+d\0k9!ڿ_rغ]f.ƞLH$k2N=9N\\<m/TRBݮ<ix\0v\r\nߩO6\0e\0jYoVl[u3˜\'-h&>Uڻ{M2nU#RQ:k_\\FR]nԑklj\n\r%}Ӫtz.enoO9ެOzE*ha$uZu}5O1oYaNN>Q.VmidpaRTkC\rPyqߙUoIjk%smZkxª\0\r9z>$xpd|Q*sp^1 |%k6Une;NZZ}_kJq>[L(_\Z})$UoZUє/_MȾNXx˻mkVrվJOaM*LFMTJ \"-vԔQR@QE\0QE\0QE\0QE\0QE\0QE\0ݻ8umTK矴-OQ*cg\0-|9eN2;-~A[\0jvX6\0[Oj+c˾t\0ǫOz|jiApf\0vm6kIܫmtKpzt?VVȤ\\ЧmƱ\r52ùv\r˺W<M\ZR+,O6WxsJ2qZ=4l殺|W\r8jK2~Z|\nXq:|Mo,D*{$]\'s]VMO剬fȅO9JG2nrEr9eHz}e~OڍnAZrcY~,E i?Z\\aW->VF]Uv\0NHEY٫%,MhiNHv6\nf]綃xjѭ\0ӆ4?{6R?V\0d\0?|EmWǹ#e<!mm8~,ʧQMƧTqmI^@((\0(\0(\0(\0(\0(\0Mwz@,?{.|˲=K@\0fV.\05~+?\\njy3T\0t׏U7,N}YqF>:y>6=yVLۨZ)aW٩_~jw2<\nºI?-ZXcọx׊>ZI+yok|s{{-2JKuX-o|.YkNR\Zxz{YZ9b[Iv6WX.Dċkχ\Z4_em]8RZ5Mj\reF]Gs&nkա\r^kltƌ4ԧFVזm?ݯ_ա-\'̿/ޮ@6q\0)&[ |Sr7vZ-\"\0*U<.1x>	iv\'OݭCᖕoZE^ܰ_v62hj9c5OvΒnmkKyq}KC٤\ZoV,D殚5}79_Ԛ]it26Vc|\Z>%	÷_i\r*Usc	ޤ_MJuraEP@QE\0QE\0QE\0QEv\05eYT;6ok4VsV/\"V\0yjxG_/Ҫ\ZUeĞxŞVhW\0]\0_xܶe%O*,ʿk\ZOgh~js&ޮx3GjVm6_\ZC\0/Z\0vv࿊}%̌G߻^e\0v\04anȽV\nד<7~Eӷ>%OkHeMe*v(i z4ikĭ\0 r\'x+MĦ9]<=l:6Ů\\maQh.Q9}!#y*ʃֽc.ݵyBaheuPlmԫУjӅi?PMS(ME&Z:+$\ri.H~WU^$6\0_XO]7t/w;˖>kڠhvߖ_OVm.vޯB\"k_mgs)keJZ0=#OtBSUduܻkANk?8<3mT_e}/j:\\,WwZb/8zkQQF|vJI~ߊZSvѶC9vZwjͲ7Y[Zԭ4>{˹V8b]+^⯋\Zmz?h5樞\Z.7Ĭ>\0-o ! V#+*ޯr\0iL8]Ěs}$ֲUO{yvͻU{;\"jD5kXjy_W\rJ3Ş.q0UU4y5fWrV\'^)\'KmU5xF-jj,ҟ,}^SV5Yȃv&k{Ay*|/< Zݱ\0i~|g\ntO>Y4;fﲻ.x¿yJW]gԨO/xdSнhu8B(5	ޖjLSJ\0vW!ڝRSvʊZv)=j\\\0UuPUj`ql^Pw7sES35l>ZmkGu]̻[XcEmPf\ZOtm]-|2h2ƓW_6\0}Hwj> V.\0_A1ץ)S3$ʂnl\0Z7?]\"KdVl{ev\0jX-]-O+\0=c\0irzuNrO|ix\'5i%t\rVmS^-Ϛ|do\r{1@CmD|? 7b#|D\0YZ>jywQʿh\'̭ŗeD3PG;YjP\06ݵ4d>h5Zk7˹~jaaEyoOxK2ɨ:/|=w,~U?j>%_Ҫf\n^i$w+jsV\0jadx>u]~>Kd^\0H_ĵ\nY%H^V˺\rN<9swyg/_v7j5\"Ϋ\Z+|*BOy,$md\0-[r˛9N2mC,7\roZKjVD]+/nauUGLJ\0qn^*e*5*ҟ4M2K.=Ҵ\rȟ}~ox.nx\"FOzh<9t_e><s3-lQXծٔWxQ_/_N+n*&\0G9ZFT#XZ۹Rk\n(4梧SYșl-QHLUXe/Q%f2;a\03z\nj8\nq)U\0H5< Vɹ3SOr?5?h;>Z/hM]v^[fY 5\0j tD7W]\ZܕNҏ<5]1.Ov{YXF3/\reA-[-\'X?ִiID3O_*|62d۷E\Z\'Xdq4ܧ$H~k[O,\0j.me6z4ydrFR64oj&˽*]\0,m^\0%G:ȵٞ;I]\'5uJOn7q?Nx>Okk6m.畗ܕ\ZW;=FIu;5;ڭ\\\r6ڻ7hE}Av\'DqGݒJ3b\Z|C;Gj+xgJ$_6~y5Ҷq\'iVͺgN~N7&j~({T\0vf\0jWTh_ik_Y~_+޵Fu٣|εhBybxʧU- WUiٿ~;I?Y|~\0Ki+i`uZ\0nݹYJ14{;8kF-mbw7ٿuM}%M5[jk[}*\04N}~j^Jev;V	D,\0smgfkVIw*Tsy+E?sJ3v>U0=M-Ҷܻ~U\0vkԒ[4ڋl+(>l7\0a/vFR𞋤]iת#ܰK_Omu[cN2Emxg_ě|e(Gѣ_R5^3HnwWS_|b}ʵ5p!/xia\"(1o~;8{s\nQhcLVȪW)*E\")h/t!9G45|\Zƅ?-;b,\'JdĞjAP\\\"5 ^,VX6FӶi^B/ދm`أ6+D6l\rΜwUSXe|l,R?mlZHW2}/_K!Ϻ-m@4qOB\0z\0&L<ҟc?eݮS}LNO~]KV/ʵqܬ겫mdO2<>b?.XQvWU{uZo$_~ZTV|=h^q[xn~V&]ݥ))%[ZunS4\'R6/0v7F*JdfoV6|2*H6̱2ϛ5S[KtWVYkU9BEiVY]UTE-ܪ\0\r>KKU8<v\0j	էYW˶1gZs(\0Lh\rdMuJ>	mQnl1[D6m۪ME[vFf]zq.S^I.$ky~_]-rA$bdukuHm|۪յބ?i[~c>bo6r5rޗگ4M}>wOVv߽3/R3٫=j\rQ(\'E9/\Z5w]\"ʅ.걨ZAWg}\0*ZTL\'b;8mjو<kVnwoV\0Ǫcs{(x6IWtL5(sc۪MLnVهF5y%vi<xuF19t_K	.5	<o/]_<]%y5mhn:{歫MJ\rFGi*\'\0\np5%sD+^7+o7Z룙e4lkm̖ѫ+۫|92[YD\"/۫$B\'?KhT_35]úXe߻:R/x)֍OJM\0}W)٧T-\'SNFڲ3\nYvYLt9ZȗR_UuTJum*1\n旺|FM\'ʻ\0BZ&XVU]t)4\0:V\0[go۳&ԸMr){\0O4bRFŻvՉ=ENǶ\"[]MZn^.l5}e/K fs}u.\'Ͷ/2ȟߕvZKkH/̓oVYr+\"mn>[ZVF~ff##]+\"\0]NĚc33/VP1ɵ+4m^Y_vfd33ϴ+mjhKXmr*#|Ioo^(-SK6oq8uo2]/W\\2u-ec/|u9b}x~tu<Hs$ij=:.h=\0sʙ\0Ry?*7;Օٗ_mEf%UUڮ-r$fyB2!mi$wm컾_wV\n\0}]~jx.lFgm/D0Yǽ)\0٪yK6b8`w[rի|<\ZĪ\'Z4ZodkKHY.Ybgtm8ĮbqIr_Md.\0磌emwgxB5|G,3v\0L\rN+2ޕ|n{ZGlvB[mS`y;\\77RdYtM\\5VRvtۚ坶j\\V>{Ns2ZMsn_#|FR牵jX]|D}	$\rZtklݺKo)U\0\\~#z8>ѵ{=R]ZJYkUJ2\Z\"V={<{^$vcr=Nw˷wJ_:IH?jܻVzTM\'zEQR@whn-(PTFD/QFｷ#ޫQ\0w]V7.GMf单,#ƿ4K_\ZjByAiV3<[ݒcυy{F_WQe)6kLBg%XwV۹j2Ay}\r[)voI3OQx%w,͊\rNLh-$I,ۙZm;\'!_Q\'hwIw۷ug)rӈ]Me6*[|YYDViWsUZ}s>ߕ\0cxW/bӢX-Tkƙޗ6e]\0+WJE/𖣚f*/aQq/+<Pv?)+KO{	x\0mE:E\\ݵjQ5nh Kw \0Uj\"6tmi\0(-a]6HI#!ڟDв@(dzev8#{i3[-n\"ERN[EZ(.k]Y]\'ELK,oa*k[{\']^h4Ee[a+֩E*]m)(Rg4vЫ{֍GZ(dW aw;T-2+j]*-h}\ZLSF?A4QR1ҕCE1D|)(fǥpE2Wb[\"?E>g<E}<A~ķی_tWxƔx~+<OΪxNNU\r3֥WVAB\ZW27'),
(2,'root@sunilos.com','2022-05-24 11:40:03','root@sunilos.com','2022-05-24 11:40:03',0,'root','Profile picture',NULL,'download (2).jpg','/User/profilePic/3',NULL,'image/jpeg',3,'\0JFIF\0\0\0\0\0\0\0\0\n\Z +#\Z)#4#(,.111!7<70;+72;..0000..000000000000.000000000000000000.00000000000\0\0\0\"\0\0\0\0\0\0\0\0\0\0\0\0\0\0\0\0\0>\0\0\0\0\0\0!1Q\"ARaq2r#Bb3sCc\0\0\0\0\0\0\0\0\0\0\0\0\0\0:\0\n\0\0\0\0\0\0!1QAa3RSq2Br\"#%\0\0\0?\0\0C\0\0\0\0\0\0\0\0\0\0\0\0\0\0\0\0\0\0\0\0\0\0\0\0\0\0\0\0\0\0\0\0\0\0\0\0\0\0\0\0\0hRjN)/>	ԌBiSWl9[o\nW˙imZ\0,ƛ)\'6[Sq2W뿁ڱ}{N><~ЧU^.ϵ=\Zgގ&]KnO«^;fH\04\0\0\0\0\0\0\0\0\0\0\0\0\0\0\0\0\0\0\0\0\0\Zͨ^J.󶁻ݍ~ڪRu7ssnMzݕ&mݶ|^UwlG{\'RpjKn~%&JvwDJ*IKS:<S/^CaO=:2iWfeI8LKu-L8v.6`Ä޹L]0@\0\0\0\0\0\0\0\0\0\0\0\0\0\0\0W%*[ͫ/rgGz4zq|^\'.\\ЕI(A7\'/36.ȩ?w&f#)Zo:1ONJk5ZIk07s.V=&/b\nؗVV_{p}SܤR}yG)~5RIY%\"gͳ袌\\6ͣMe\ZQ%i\ZQS*M&w-\ZK)mm/XyoP:\rJ[/G?2TEEʓv5yI `};,Jd\r(RH\0\0\0\0\0\0\0\0\0\0\0(T*8ŵ\"c%-9pl4՟	5OI=\ZW@0J2qJ)zWpOt\'Mz_9KYI+;\r*TNU%QNv؛2O\r*RGNSVήWmv V9AGZ*6En0.ݹm5*RFW3@rdhT15(<\\^YZot>՝ͧu6&/\r&\0Zn\"٢.qގ=;v3DIG&H\"I$Ab\"iD(Œ\0\0\0\0\0\0\0\0\0\0_%H˲аg8ΝISg3sy]ݵ\rĩj\'ޜ*{cye9k;٢XJ\0[sQ*jbUo9<UgRsӳb׫Yv]1`ҾQyv}|Q$QFRH\"IIDH\"\"Q$\0\0\0\0\0\0\0\0\0\0\0\0qd35$WLM8.]y$骞σKwCzpӭpNE	kc\ZnZfzB+bjzY:_D\00TJUz-Oq$`Y(5禆r:5UHgb%Bz=EQIR$D, 1d$EDH\0\0\0\0\0\0\0\0\0\0\0	029Sjz8\'~mMhE4~>ۥn&à|/S(; \Z3b	jd<ݻ\rӴ(IqRٕ(4˭&jR|%/8F2/#lzI]^0/e\n7f\nU.eڣ?Z,O%.:JWFųR,t>o$kQp抵5bN/Rzu?+<b/ioZڵvI\"$+I IDQ$J1d\0\0\0\0\0\0\0\0kdiVEq1{Co˴ĹVеBZ?RIY;G>jTgEor]e.ZRԖ,t_v\\mG%*P+mMEkR}d_6>kF^om.IƔc_sUGZ[͏JTS^_5My6ۓm7]_h:,64!Y\\.\'wnZ*dуZݯ+h]ߗ3 CI=ȧ|ob.\\/jSm4e6AwG95ӗSQV׹nD(JO.\"4#	S՚m?veQ$EFH2@\0@\0\0\0\0\0\0\0\0_Ubgʻѥ\'XeUl}\noc|Nf2YC=ٻ-f!ޔgqҝzj1ٿ>nSMأv؆Y|Wv_ԆhWRW}ogwej۔\'o T&\0\0\0\0̠H-S4\0\0e\'շ\'TeKYy_ѯg+щ~STJVj$\"(62@\0@\0\0\0\0\0\0\0流{Em?x[FE0h-;ȶsBuV́J.<}B\0\0\0\0\0Bg \0\0嗼Mټ_/tlgyd?$IDM\0\0\0\0\0\0\0\0m\rm?*\051ޥx/*.?KZRюP3@\0\0\0\0\0\0x5Px5H3@@\0\02_|FelKgd\0$IDQ\0\0\0\0\0\0\0\0FԫM#{GN]9??&jW\',zwmF\'RZ2㔴?=GkRF{Ǘ>/\"{WVU)I\0`\0\0\0\0	E\"U\0tx֫N`k2Rm;z_Eq?\0;GGl5lLFs̫4kc} /G3\r7R<䇥+s\0a%-:K/&ѤGEYf1m%l$h\"\0MǺǺz;~~W=7s}ǻD9OGG>^\'\\\\{Cs}=y\0\r\0hʵ%R4ӄkA=y:ӥN91N*\\\\WWS-k8\\Э\nwwh2^\r}\'d&ҫNy\\^Id\r%k\Zr%dp]Nm/qs)Be7RKC58Sh^&5o𫋞Z\\wt,Jr=G5o;sr%kюzWQJ4II\"F{JڸuKv[+K*o+wz\0`sFҕ9ESZj?u}`+a\0Cϱ{cʜA2u(Vg\ZJ\'ZiΛPTh)7ezr\'wq)oGo+Boա(TvRsJUiq֏Xˢ8qn1jviwq0*jzx[Ms=Oq}Ǻ*.9OGɢH\r{Csrz/nNǻD	=+/\0/\0\0Bn&\09(tVn%\Z\n0F	{MST\'/R1Zq/4ҧ%S\ntU7hz+)Ooq:*\'46]wљ8pVuXNn]X1+,ԞW:oد\0]\Z奅j24UMmiAPmۍtZ9ZjR\"j.\rutWn8S*4XVtAõANSTZMdyRmIi-WzҔWB[iu:@\Z-RS[,Jjq*S#MZC3iF[^U\r4\'(xٛ9:}FZ{JeW+\ZZQ9^ɫ;ܣYӪ۩N3TRMJTU=Rg&bYSis: \rbTU*y*O$iЄMJ/,=[Q9\Z6n0t\'tG8ԫ)BTldJd[+|dt7OdەM82BД㙪ëO*VN)ݛ*4iNYN ->X@\0\0\0\0\0'),
(3,'root@sunilos.com','2022-05-24 11:41:15','root@sunilos.com','2022-05-24 11:41:15',0,'root','Profile picture',NULL,'images (1).jpg','/User/profilePic/4',NULL,'image/jpeg',4,'\0JFIF\0\0\0\0\0\0\0\0	( \Z%!1!%)+...383-7(-.+\n\n\n\r\Z-%%----+-/---0-----/-----/---/---------.-----------.-\0\0\0\0\0\0\0\0\0\0\0\0\0\0\0\0\0\0\0\0E\0	\0\0\0\0!1AQaq\"2RBSr3b#cCs$\0\0\0\0\0\0\0\0\0\0\0\0\0\04\0\0\0\0\0\0\0\0!1QAa\"2RqSBb\0\0\0?\0\0\0\0\0\0\0\0\0\0\0\0\0\0\0\0\0\0\0\0\0\0\0\0\0\0\0\0\0\0\0\0\0\0\0\0\0\0\0\0\0\0\0\0\0\0\0\0\0\0\0\0	@H\0\0\0\\\0\0\0\0\0\0\0\0\0\0\0\0\0\0\0\0\0\0`Rh\0\0\0\0% $\0\0\0R *\0\0\0\0\0C\0\0\0\0X\r_H4쐍YAʛ}(uku^e:)ޜ30URg<\ZڟS3MQTff\'.`:FqvjBY>[/Fq<<X6=-*gžW+yJMQl)H	\0\0\0\0\"H\0\0\00)|\0\0\0\0\0\0\0\0\0oItgVdR\nޔc.(+ܮ&foDEp᧯FnQuJ;:kg0U1TqeM(TJE\Z;vKj{o+qtnpMc[ciE:d٫+NPt8u+!4K	?qW\r5iu\Z|L%5%\rGi)g}Y&4a\r5۪q\nS(}i\Z0d\0\0\0\0\0\0\0\0\0\0\0\0\0\0\0EoE?q4UU^N8Rg2.\Z;Yݕ)_0\0Ti֢vF6K֦]\'Ľ;bsז\Z\0\0\0\0\0\0\0\0\0\0\0\0\0\0\0\0r:ӕpFTԥ58=\'EF0j9y&ꚫ#0-`De`+>#f\0t12Zߥ%ɲVݪ%\ZަaIuq:s.E%t`\0\0\0\0\0\0\0\0\0\0\0\0\0\0yåʷ\0lYv=X-ea!J^e.߸ȉE#\rBNR\\1-[&{ɘ	;\Z:*s\\Ԧs.mQ~Vi&\0`	\0\0\0\0\0C\0\0\0\0yQ)P{\n䳧ymqYitw0U1SSy=M~\'\'BjupJ$Ĳ\\\"SjB\\$	0ԣI>.*ODA3-K/{6!Ŧ&\"*yu[ޟuӔmn|-`\0\0O\0tsz~rDl@*\0\0\0\0\0\0X	\0\0\0yڼZ{*.Ss7)sFx6~ҏ\Z(oƴ\0\0n}^9r%Et*[5Ymz^҂}*N1usK]-`B@T\0\0\0\0\0\0\0\0\0\0\0\0J5)GU]ҩZ]-Eq<#ng>:]Ѫ=1OHUmaN\"9;o$ce[N\ZnH]NISS^t}MmNZq|=8NiIF)gy<e}\'7,.i[ً~$qRYCQz\nUe8O]k?(L|:i8BUsN9=;YI]+nҷ^eBDᑇ^r&`\0\0\0\0\0\0\0\0\0\0\0\0\0\0)<\ZN9vsF+3!-B՟iF{ɚ)4@\0\0\0rpFAGڕ8jmvxzb;Tj[\0\0\0\0\0\0\0\0\0\0\0\0\0\0OR3~*i+ZjKpOdFcE<$\0\0\0\r|0ڵ*K}IE(F)x>f-!$#Lb\"ڧ32\n.,6@\0\0\0\0\0\0\0\0\0@\0\0iFJW\\M11f&bs\rV?\ZvVNͼ(y,ۮj56 \0 eQ\'e~%tSqV]YkR 3@\0\0\0\0\0\0\0\0\0\0x_O5]jqSNUZ\0 	Heg]\ns9UM],6@\0L	\0\0\0\0\0\0) \0\0`\\ULdÜPe	\0dWb\'f\"jk[U_\03@K@J@H\0\0\0\\\0 \0\0\0\0\0\0\09JR79eҧ0>!K-[cBa|\0;˯#20ы9w|Mnrөg?G\0\0\0\0\0\0)\0\0\0\0\0\0\05CM\0SW/el7[r\nvmz|;\\/PIe*ź&#<>l:gmݽ<Sz)ݦ!(%À&/U,OR~nJ^#$C25 xmZ0קִZkfծ_Ew|]ڕ\\k\08U]eR2Q:6}t\\;Z\\+NӜ%-2TULåEk9Y\0\0\0\0\0\0\0\0\0\0\0>/JI\\U)ܻEsszCJG\"\\̽g\"VUc\\_G(w#\\q\0\Z7w~ԙ-X{e9K<\0X;r30b`ek48yn1>jbG|riABRŴM5F*EuQ9q=\"U5j.6\\^+>^FջG\nz<%ajy/kaB:v3y	h\0\0\0\0\0\0\0\0\Z=/z$Nklbfryor՝%ˑ5B՚s>SHtS(j_˜H[Z^ڗOϋAV)ImeicT9̩H	`@\'p~+ubk~ػMu+qRVgjUM%_][p\0\0\Z7Pw=:3IUˑrcя9c_ESjퟣy\0UN=W}w=hnkԪc4wN$M?O2͝D\'Y?nGiJ5NWWiՙ͹nunYEw4h\0\0\0\0C`ɴ]|Ei%ܞGӻjU~\0l	P8NsԚض%S&Wld.ٷv1\\e+:j޷Tvrliila.iw5fcuE1?<\r\nQI<snػmr;b%cIbI>svMbGV\Z57\"39ii\n^*}I];x[7MDvjyWWr15Uc$ڕyԧǫ92\0{C3<qu=	xU	){J9{FUL~|ݭs4O~|Wa\0\0\0\0Rrݟ #/ܛo3b0SV\0B\0=&pFUNKbb\"yULrH\0H/GRڽuc?Gw}~!iSs\0qgcZ]\0+v3ot&յerorY[\';݌\\\\ؓ\\6گrbg6\0\0.\';f8#3-\0BڴC-|(m\Zsn\'\"^zmfYz&\0\0\0\0jaK9۷Um)hWfDL=-\0J@W*YfF#Sb a\0n:5VӔ8]o6鯤z]Xχ$%k+|n\\ٖ>?v)zp/9` \0χi3Roi#3&dl9SWMmM[Em]9R悭E3z	z>*\0\0\0\040mUeɿZ3T5W^hwNט/&,\00b<H˃ϱ2ϖUZ+o~sskUulLE1W陞sS2@\\@\\h	H\n\'4kz׹\\Us̽?\0\0\0WEq?_S>,iҗ-t_h]OItw4vUOʮߟ{`*R~rtGZG<zvA{K>p3e4\0@\0\0\0J\0$\0302LҴ}g[:f	Htt.zӯ˽ht󶴽i|p5;F}e&Ɵ]gJOsLK5*gMuE\0\0\0\0it	v53!oM&Z%՚M=319TQ0c\Zygsvǣ{o;^w[ק\0ϗJQzM>]7)ަs5rvݮ1=A\0H\0 \0(\0f`mJh%ħY©f1OYE8fq{dNi޽=6=^]g?:<K\'4(_W-\rQ\0wMBj!	ՊpmڥMZٽަ*Y	i/+ZP{jT\05cz-Moi=\'9tʔf<V{3\Z9au_+FiSxId\Z2Ml4jܧ3WYeau6:J/7)]ew]S~WBR~NRqrnz[\\^>2ӧ\\όi:l}?ȥy{i:|#}E.CO4?>R<n|dM?c}E.CM?a{/w۟<OtG\\όi:l}?ȥy{ӧٍY(]<|s4]Q<hTO?;X)pW\n6,jFj|gt2~`\0\"#O#|#G|RzAWY`iJ4jڒwݕu7<1LOtKrS\rM6g충d<=!uA~$dJ\"#3<+2e\Z*3]]JJsJQZY4tfi+TWnLGo)#1&j֔VmAYhhyHv\\0Wg|U-6lge{~g(l՟z٬+UD\\87\nz\Z7MwVSeIZ 6z=H_JW).7}\0\0\0\0\0\0\0\0\0\0)V^Im\\ҮDy)?X\nt]IBSػ_{w\\J9v9WN'),
(4,'root@sunilos.com','2022-05-24 11:42:59','root@sunilos.com','2022-05-24 11:42:59',0,'root','Profile picture',NULL,'images (3).jpg','/User/profilePic/5',NULL,'image/jpeg',5,'\0JFIF\0\0\0\0\0\0\0\0	) %!1!%)+0/.!38?,7(-.+\n\n\n\r\r7%%7+-+/--0++../01+52+/7-15--+-+//-17//85/7+5/7-/-3+-\0\0\0\"\0\0\0\0\0\0\0\0\0\0\0\0\0\0\0\0X\0\0\0\0\0!1AQaq\"#6Rst$%345BUru2CVSbcde򣤴\0\Z\0\0\0\0\0\0\0\0\0\0\0\0\0\0-\0\0\0\0\0\0\0\01!AQaqR34\0\0\0?\0Q6ZVOU$gEa!:\ZU{S]5m);մԌtbhK4p\nG3w#=rVtV;\'#~KFQh8oi/L_~REߔ}\0ߔEDCC~Q!RQ^B\Zh̳1k浣\\T<K<\\Fъ{c5\\{o)Qm*\0xoy\'h\r6pΎQb;_n\ZZ5;?:t/e3^9iiڿh3;B}$g=\nϿON?c?Z2 zߜc#:1U;lc,ЂL_1\0Mh\'ȼ,e!pZR\\\"l\0ծڷ,◮~\'v5\"\"5Sܧ]R{͹O5z.oڭ*5sVD@DD󨙱y\rkZ\\v5$ˌ\ndG6t^rѽ۵m$眧JEǇ3˙Gh=?;A[edإIp81_25 \"\"	<(j_KQ$:\0O=l5%ֵҒd2\\GˮB Wk:-iDckf\\sX-\'$KTUq\0<JqnT\Zb.\\\"\"\" )qXuEs\'uG@DD	NSj,ǩS朂75^QkU,{MGOm@DDDALcNg`n3i9O_J2[U}?\"4AfG-P\ZM;עn\'}7/ `j\"if?4q^c\0\\w~g\rOh8w]+G@DDUOrQ9Z=O:4>vyǫrfZN\08o@DDDAᦟfE~Xkn5n)7@G@DDE7\'[?FΕlL}F kI \0I$\0\0$`\0\Z\'rcFɨD;Ē\rCcyMdLᖑޘ\\w\"o㶥vAUVf8tmt$:Ih#x%y|j李i,pj<QAč$NElLiyy6x(Yc)?	<K(3:o\0壬~׭^THw%GrQJ=%Sܳ 	IdWLW4D@DDL[	 ]F8r8Zj%\\<濃{\\_H/iA:vxY)#i*%6=Rıo\"مm9;p V6X̀BC\\3c5GTR0BѼf|ឱj\n9RH8jE<Eڇh<Xu[j\nGdoFC5,Xu\\H!k\Z\ZƵhk@dk\ZLM:zS+[[\'\r_[iԮ\ry8	U\n&klAeEPUbEEW˝BIW܄hw=na\nMWڬ¼ډQ?HW)^(N!vI=8hr_7FjI%4܎79^WMrd_tD@DDW]|N|GYo]|P9\"G\0GsM9H.8=+?s̟Q)y+P\0_H3>$S\rgr\0~7\rOk;$w\\&:iiIc-$mm<rb9BƱK«h%\rF\n]i44kF0WSB8\">UpUI;X\Z~Ug)#ék+b9	経k}s|+,0`2<).m\0wO=4UᡱFX*bt\"t@gh/!Ύq,cXғf-Y:V.i?xpeCդ6+*=\rL׷M38aeIHjoU1J\0ǳoϮ\'.:ΞX<#v?	B+G_>LXK@kFmq\r\rG00󱁧Ļ3Cn\\)\\EY)]/ŒyRO]\\Tu	{LIANy\nȯjhG_S	,2Fy]AB̕i	dn==<B87ׁW՘򆶈\0_dIo9ꚸN@_DnZ	\Z/(uOtOk\Ztb-\05nJ56TbTTmis~SA\ZJ.L衎7H \0^@vh)*Z\\lL\'$ 跛y\0WLCDd{LϱkNG?eJNN>OsUV<Ď\\iF=쀈3_?ʴE]tߌDD@]lKdOJ쮽xRv%+1*=\"buy8sA,%ttU庋hnG(;]	3ZZ\0R}FJ: r	1JzG=t {5sXo:ʸJQ+,f&cDA;U@\rEeOH6/8wd\'}fJѕY85TPՋ܇yLYY4&\'VQm{Y	<mq#)&v?Iaյ@z1gH9P_1Z\n8]=D(5kF8YXNW\r\n8e4Nӝ\Z	oa\\p̅&mV7+d73bv&}pԻ1720 22fi[\0A)󏌆7ԪylDbJ|YK[Fd6 |r;s4,N]EIW\\:V?V3sLEtaQ̴DD@_\Z[wU~H(>A*<떀ĻHy%9Hr2ZgD8(%äi$ׯ&8X6GWe3[<:3IzyH\04hu0&xz8{G#[{{r,-Ln{γx3F\\y(i\nb$2ib!D罧k^guަ&ƱMh_URܽ)yH]l::xmZ;;x]s\\4lEpeyڎKStǉHo֋fl*F]_nƇ8;v.i#⚝kVMSbT\n\\mkŴv<nxZV|!2Y~8<͠ş	5q=Ĥkl7,ʺfGSaӣ5{Úa]Zo,s$3]ZfȌF=z#ZeGU7\rq*=gQRF1j\'EjLL1D]듾INs[}z#QmJzxTh=j>$.7\Zn̐=o1G\rvpcQ!t2}4MsK3mw\'ajvyL}厦HakPj#ݳ,ks{ɜals:\0&U1Fb\r5OD1ҿ\rfΎG=z,?q6އЏTkxLvJᓹע*al޶O$ başX֓@EcÀ  vWBw=sSJEe\'\\gsUy-w>%_?Th:\n(⒦FQm¸\\%vӎmֻj#7gO*\Z<dKVgNh Sp*]Ox%- xUD6xwwO5N1vPS\0Qe0RA%#k\n>_}S@Z8M#Ikmmcmw\\4-ϞU	mGRޕ57uʔnXi:\Z$<[bHdyHdyH2㧤i^~eЗD1^q{j߱B/<Ohjn@<+]ر\n.ű>;ۀ{NM60\'w(++zjkZ]\0z*W=t;q\r	L/\"1!A}#;*SXGyB6!D#+\0];<Y{D.~і67\\ko1;˲X|1(tJI	\"\'k[Ke>#LڈvNiOҍq55ѥ<cM㋦ s=AWj8deG\\Wheg\\OjoZ2~_\\;gysw|72fC+*6y^/\"\")k=N]Yk/jvJ6Qcedk.6~rŎqN^>8fnut8qعq\Z\0TJ\rskek̴tL^Fv\rJ2\Z?D7-Um\nuFd1$s$d-X\0xqk̖HSvb\"Y^djsvo&?DQ3\00:xQenf?CiOQZTz\Z4V.ծ81L:*lX#8#\rh%^O:j<`ƇE?MF;\nBy\\>S8`xwaN|8[,OÖZb\" *_NH6De|zT3_~\ZfϔSp\n\n|IV8LC&PI\0`TXBCW2~걫q1DAiL8.;OR_ܨ=iMp} &;Y$<V\0rsc?Nڱ|,\0<![M<,\0΁1*\0\ru;;\ZB~\\~\ZW.XdƹK#\\K>TGץkV-}ZKz>0>}s]5ms\0ⱟ\'H}Kd)/$(RʲN?y][W4GfDE-!GJv/DwΥLpk:Z%d₵63y!\0e[w}%C׈<\0Ǔ5XbpqH#c{zc5}+\"񣍟k??g|䪅<4 Z>0qEf8x`)kҝtWyw>q_~Q=1OGN+V_=}5Y>QYcQ95Zb~<ֶGH14)Mk~oѹ+Kf9>H|e֭Jᑁn#4usn>7cAkU\nS\Z	epQIeyڛO\Zױдrhǆ뵙z\0JYIˋ<u!%ֹ<7CI`E9\ZIkKg4A D`U\\Q;Gj\0yk>h\0U|3i_4nls-p#ւFK0Zs\'^VA nNFѶ. cLhְ46>=i]\'먼/3OQ`i\0N]{Ճ\0_6fdZ9p\ru\\sSW^Dϗ{>Pk#u&7u_8\\OYS|&7?9=?G#7\'+<RER*tOsטtKM\0-\rV@'),
(5,'root@sunilos.com','2022-05-24 11:44:35','root@sunilos.com','2022-05-24 11:44:35',0,'root','Profile picture',NULL,'images (2).jpg','/User/profilePic/6',NULL,'image/jpeg',6,'\0JFIF\0\0\0\0\0\0\0\0	( \Z%!1!%)+...383-7(-.+\n\n\n\r-+---------+-+--+---+------------+----7+--77---7--+\0\0\0\"\0\0\0\0\0\0\0\0\0\0\0\0\0\0\0\06\0\0\0\0\0\0!1AQ\"aq2#B3Rr\0\0\0\0\0\0\0\0\0\0\0\0\0\0\0\0!\0\0\0\0\0\0\0\0\0\0!1AQ2q\0\0\0?\0DGbER\\:gѣcRq&/o\'qS7\'$+\\!ؤd\"^%5ra!=ܓǙ!fZKAeC\Z+\'pR4|nak4vL5~vIs4pV+eYjZv!XMV\ZͅuZIǷa |^t{g맖-@ɗFnʥvE\r!v+h`#ukah2\rͣJkT)>vS,9-_ȴɺCܛ\\TBpѪ<\ZyC)}WqJ\r4As/pJZjۛK޺-4\r\Zd>18L`^F0 C<+)Gyy.p}{XVKmѯWz;3{mx^3n93\\gaaTz#gdqZ\nf:\ZZ1DnPcQJaTe3pغ`1җ*ze#:+&1|OmL-44#*zS5t%H{;;ƂJ*Ban&4v2g9<!bVdS\")Ɔ!%8JwoޯOl.<&<xyl?-x<6vv7h`=\rǷ]jX8,^&6lxvyPYʬ`=o\r;\nڵU	:XiXVzůգaE=J̊4ahj:xhan`fyFk1;Iz!{g^m%z2hɆ&\Z\nEG_c&/-&fq?+<{V/KW\nkGO])_MfGJ]v̲=f\\n))	+Mr/(J~-;|P<fwj\r~XsUtdrc23ż<!.@}Z\03`=M,KzZU;9H1T̺TLy\nδRl$^%\"!9fddcMXg9ZzM_?̮n)Ewnc~>lJq\ri{l~l\0%{_\ZQ)<яyA8Jxډ/++RPqpJIPמk2r֗{>\rJ579{]_yfw[1-pY*AIlZzMI(%\Z<i\0Qw>F[#I!Y/fp騭FLtI?d~V	|cɛ?U-2kq\\F:X݋xޥSyu4#QPV*ɲv!bMQ	p\n(HR$%UDenUG-%YCq54l y508iAGvUN)MQof㢯cNHƨ:Rbc~\0;zuitrJgRR5g%}v.iv\nG5㡝}<ϭMv\'j/K8Q=cHE_Zh9˨Ǡ4!SC2/QTмXiP	ӣ=W93 lLeԈ\Z@)Hr|CpOSF\\X;BK\Z\0PD[L+13)Y^7NB\r=>=o	].YM;1q(kbcxhT__|k;IǺYgOJ^~ngݒ_<:]F?%Z{ug\'~tIrZvK\'e$\"8_[{?p\0~ޫ4+Ǫ^ݒŇvRrf(slX]ybSVvTCSCIe؛ts	sJUVnCq`!UņT3\Zq6FlXvt%jm1<F=%t{5auxqAifa&\ZV;<svrO7r_ƊGQxx~%ma\r!znC^*.UCQGU|:r$^HХvIvQKݎM(\'߻γZ;+B,#&U<LzweX^kmyu\\$u{!ۨ	\0ttvbrhrwybԪYj-5=܌g;MhäD.v4Bq<YSB>Z;Z	\Z;)U \"DW\'\\^Qi78b9^X^4s.](^\'Yjf\n5q\',v3,\Z\Z$Ft~6<YhËkn[c.5=VNoV?S˾.ؽ,K6׾1eqánO]oꝁn\Z/,\0~k>;>`6;nWQ)e?~O%=dT?ۡT鷪T}yMVի\\]_֫X0.^#S)J:5:\\B\\r\r=꾥\\&R6[IrIerir\\FM|QY3AVl	ضsĊ-QZmw\0|@QEF=\\|9vϘbm9@hY}J.%I684\ZUE]s܉6]7/<<%V{v^o#zpl\rEe6\'7\nTJ:fL=O/^7!\r>C`,CW\n!k\nEF)b\Z9`%vڱˍ<GXV*F9\\q*eF]4k`[+Qű[\Z#=[+WT{qb\rݼ9U\0)ѓ$WrS4~\rH\ZAIhKńq9`i6;X{\Zu$JXq-S|qϗܖ8xrŲBeET(Q̜LRZcE2dt)864IV34Q	I_R/\0Zn^#IRDpJXuտjPB4x>Vob THfâ&\0iDQ\04Y̖/\0W)nȼl.{-ِsrƞ!cLPd]DKE\"ĚwBEW-NeHYqXrv%a;-\Z^eAE!@n\0h.B/OnC1GI1(W.W/;.aR.;@d\Z~`ZE\"ntet#Lb~S\0nI%LϡgG\0>up`SNF1AJM5.#O\\	5`BT?\Z*]t+AŲN>Na`\0\"rr@܎G^k$fU@0!#}B\0µ3V`:;7dkv+7F~k%NUCi[wnΌ,HCVCBA\nuD ¢\0u~{\0$6*@$D\0Fv $lB\0.;=@~`\'{'),
(6,'root@sunilos.com','2022-05-24 12:04:30','root@sunilos.com','2022-05-24 12:04:30',0,'root','Profile picture',NULL,'images (4).jpg','/User/profilePic/7',NULL,'image/jpeg',7,'\0JFIF\0\0\0\0\0\0\0\0	( \Z%!1!%)+...383-7(-.+\n\n\n\r\Z\Z- ----+----+----+--------+------------7--------7-7--\0\0\0\"\0\0\0\0\0\0\0\0\0\0\0\0\0\0\0\0>\0\0\0\0\0\0!1AQa\"q2R#Br3b4CSc\0\0\0\0\0\0\0\0\0\0\0\0\0\0\0$\0\0\0\0\0\0\01!\"A2Qa#\0\0\0?\0(\0$\'T[Kl.U6\\Li3i~ʾN\\p]ޙLKdӣVӱ@{&Eٴ62\nʢaq|<J<\0<vz ĺ;Y゙V]\'Y\Zg{0\nnKuD)O۞FE776\r0\\pɖeY%tm=o1Z:,rv7Xָ&n?ULlDrLV𬟳7&=vmO>\n^\rݹ2Hl2k|\Zef<QëNXޢˍǵ	Z@Wq>;!-v͝(nX]W=-î&X#]x:o*$l+smkEdln\nǾ5\"7ai<E^bk6pD@DDD@DDD@DDD@DDEF\Z\Z{VpOU+%3M,m,ϦuY^Ӗ<if:d1HתecI2]E\0\r\0FVrulh7>K#N&8Za|nKZq=X)o!&0\0\0\0^痶U#\0H.l`V\\w$5g9kX쉱LN+mFAKr骺Ӏ/mHxwUaMO;28b%xwKs>d*խk[`-s2̮j4!kےS#	\r9JCc <T\07\'E=a?_U-^t0Kg)!wz]ҹghی\07?]/ǕɌ]ϴ\nGE#H&͸uA]q8\"0\\@ \'Q@e2LI+\Z?u{dW}U+r1iÕ#em	}K5n$rQm\0wݚ?E`-cϖ+bn2U$Ƨ[	jyDDpDDD@DDD@DDD@DDEB0C`?d/{5hOk9wht뒔{t?3^K;1˯tjT/08q/veRT>#dCly![m\'DY1=Y{8U^϶x[\"V\0bzlb,	Phgm@n217\\l@eg6\0 ;}3_uFQD٢7k^.v[QK<q6usn~0rlͼL[F6}dۖȝ@\\\Z\0%ki)q{Ŝ߄t`罏 Hc	fFXukH#5y6ʽmϊvDo\0{p6\\qj	k8C\\ቇxj29#$p,h[#ncb2P3m:~ϩY_puIɯд\\+8c{Z|cB432T]5aY)N,Nu,Ѽx]{ias~`gi/eHLHDMگĵ^gd %N7\'hƱ[K9v9`,m6{85kkj}lER]תӒldD\\HDDD@DDD@^dx\0l\0$@fRG\0̓%`;p)`ǰZl6¾ӷݵ.*g8FhM۠Xn$*Of ֲ@b\0d_>>ru߲*w#rT3N;Z}aHD`/AC\rl<nK,mU4QkySH\0Ͱ/WcSQL\"fI;B}6,sۛ}8i\n\n&	o\0r ؐ>9&}t\0u͡S	6tnZ0&rXu\"1FICQ*RKY\r\0Vr\0)lx.C$LyCfh|C.Su~dng%Н1:(唗Iㅸ7\"/p n#B/\nkmvv|ǀW_[7mz*qq&o4F8Y<ʈ3栾mגCc`˒|Emػ(shY6ރbz3$-[?ΝU;׏wG\'l]knȶnܰ:;*&YBsWqH}s0vFV23AnmO:oY]ͤ)j㣛YH2p+\'E*NÒ1sdn,@#tyQ(cKQtso:\rɷ*!4{?|U\r]߲Ҧa<HYȊc5Nɧ7v{q\'*\0\ZVmWɫ.b?\Zp[s̭Ds7~au18\0R-yq{k*wXGig\'hZfG|3\'*r+>[CXwA0~\\y+Ӌ٫:Z6pJyQ\'6elS7k+9s,#f(>\0_L^t6_[x?	\'J|*T`ZN+mrjԸCdsuO	\Z5<JXLvw#[.?o2\r̓	.x\"\0gGuJ!k%9\r5q*؝ہ+ŃmxX[\rߩ%W<TLʱ	=0mU+$e;5뒦#%*C\\GBpVar(rVp]gS۫Qgat&}E\0U.yZ\"\"\r?vo\Z[\0,k	\Z}S[!l}ǾX`^*Kt*=\rq[UrRjA&\Zղ7S \r|9#Q\07	a>V7	U*+O^\'o/s+dxh>Q*R|CF-CPY6pЯ{W@)7:3|t9s^[R]ܬWe~T\\٦wK,JGi}?O.|$*.N N9(:]ROY؜O,\\GW6h\nUzw+:enfq\ZKWտl8Yw./Ah,j5t<Akhh˝+h6\Z$xC7ዻ+U_\"\"|%S~ٟBe2׽oZ\\\Z#DE	kĿn9o5X\nR8\0EZ ţuiQ?W\Z`y̞?@c;>W\'Uufݟ^\Z~}aFܓ钸9]V)Q\0ggH/5;GSIm5T\0hIPq0xUlm_ ee9E>pPfw\rmc4q;ydOU$~xpVWQ\n3r$Ucm3Q>DtVQKܹg{βlϤyXO_4mDDV;xTM~HEreq=B,BT\\g,>kec[T-t,\0h-s[O$\0P\0\'<<C@̀FD2<Z|ۑ_;@<\Zp^9ר쎜\Z\r\Zz\0ErdQ\n=C.{s/G%f*=wr]t7f.n٦R\Z>!669\'<]&n\0h!t\\?=WriF2rϊ[}G]S$lr,&)\r#UՈ4/KW(&չkv0`\nUN+?k/nV򲺜<XH6V:+'),
(7,'root@sunilos.com','2022-05-24 12:06:17','root@sunilos.com','2022-05-24 12:06:17',0,'root','Profile picture',NULL,'images (3).jpg','/User/profilePic/8',NULL,'image/jpeg',8,'\0JFIF\0\0\0\0\0\0\0\0	) %!1!%)+0/.!38?,7(-.+\n\n\n\r\r7%%7+-+/--0++../01+52+/7-15--+-+//-17//85/7+5/7-/-3+-\0\0\0\"\0\0\0\0\0\0\0\0\0\0\0\0\0\0\0\0X\0\0\0\0\0!1AQaq\"#6Rst$%345BUru2CVSbcde򣤴\0\Z\0\0\0\0\0\0\0\0\0\0\0\0\0\0-\0\0\0\0\0\0\0\01!AQaqR34\0\0\0?\0Q6ZVOU$gEa!:\ZU{S]5m);մԌtbhK4p\nG3w#=rVtV;\'#~KFQh8oi/L_~REߔ}\0ߔEDCC~Q!RQ^B\Zh̳1k浣\\T<K<\\Fъ{c5\\{o)Qm*\0xoy\'h\r6pΎQb;_n\ZZ5;?:t/e3^9iiڿh3;B}$g=\nϿON?c?Z2 zߜc#:1U;lc,ЂL_1\0Mh\'ȼ,e!pZR\\\"l\0ծڷ,◮~\'v5\"\"5Sܧ]R{͹O5z.oڭ*5sVD@DD󨙱y\rkZ\\v5$ˌ\ndG6t^rѽ۵m$眧JEǇ3˙Gh=?;A[edإIp81_25 \"\"	<(j_KQ$:\0O=l5%ֵҒd2\\GˮB Wk:-iDckf\\sX-\'$KTUq\0<JqnT\Zb.\\\"\"\" )qXuEs\'uG@DD	NSj,ǩS朂75^QkU,{MGOm@DDDALcNg`n3i9O_J2[U}?\"4AfG-P\ZM;עn\'}7/ `j\"if?4q^c\0\\w~g\rOh8w]+G@DDUOrQ9Z=O:4>vyǫrfZN\08o@DDDAᦟfE~Xkn5n)7@G@DDE7\'[?FΕlL}F kI \0I$\0\0$`\0\Z\'rcFɨD;Ē\rCcyMdLᖑޘ\\w\"o㶥vAUVf8tmt$:Ih#x%y|j李i,pj<QAč$NElLiyy6x(Yc)?	<K(3:o\0壬~׭^THw%GrQJ=%Sܳ 	IdWLW4D@DDL[	 ]F8r8Zj%\\<濃{\\_H/iA:vxY)#i*%6=Rıo\"مm9;p V6X̀BC\\3c5GTR0BѼf|ឱj\n9RH8jE<Eڇh<Xu[j\nGdoFC5,Xu\\H!k\Z\ZƵhk@dk\ZLM:zS+[[\'\r_[iԮ\ry8	U\n&klAeEPUbEEW˝BIW܄hw=na\nMWڬ¼ډQ?HW)^(N!vI=8hr_7FjI%4܎79^WMrd_tD@DDW]|N|GYo]|P9\"G\0GsM9H.8=+?s̟Q)y+P\0_H3>$S\rgr\0~7\rOk;$w\\&:iiIc-$mm<rb9BƱK«h%\rF\n]i44kF0WSB8\">UpUI;X\Z~Ug)#ék+b9	経k}s|+,0`2<).m\0wO=4UᡱFX*bt\"t@gh/!Ύq,cXғf-Y:V.i?xpeCդ6+*=\rL׷M38aeIHjoU1J\0ǳoϮ\'.:ΞX<#v?	B+G_>LXK@kFmq\r\rG00󱁧Ļ3Cn\\)\\EY)]/ŒyRO]\\Tu	{LIANy\nȯjhG_S	,2Fy]AB̕i	dn==<B87ׁW՘򆶈\0_dIo9ꚸN@_DnZ	\Z/(uOtOk\Ztb-\05nJ56TbTTmis~SA\ZJ.L衎7H \0^@vh)*Z\\lL\'$ 跛y\0WLCDd{LϱkNG?eJNN>OsUV<Ď\\iF=쀈3_?ʴE]tߌDD@]lKdOJ쮽xRv%+1*=\"buy8sA,%ttU庋hnG(;]	3ZZ\0R}FJ: r	1JzG=t {5sXo:ʸJQ+,f&cDA;U@\rEeOH6/8wd\'}fJѕY85TPՋ܇yLYY4&\'VQm{Y	<mq#)&v?Iaյ@z1gH9P_1Z\n8]=D(5kF8YXNW\r\n8e4Nӝ\Z	oa\\p̅&mV7+d73bv&}pԻ1720 22fi[\0A)󏌆7ԪylDbJ|YK[Fd6 |r;s4,N]EIW\\:V?V3sLEtaQ̴DD@_\Z[wU~H(>A*<떀ĻHy%9Hr2ZgD8(%äi$ׯ&8X6GWe3[<:3IzyH\04hu0&xz8{G#[{{r,-Ln{γx3F\\y(i\nb$2ib!D罧k^guަ&ƱMh_URܽ)yH]l::xmZ;;x]s\\4lEpeyڎKStǉHo֋fl*F]_nƇ8;v.i#⚝kVMSbT\n\\mkŴv<nxZV|!2Y~8<͠ş	5q=Ĥkl7,ʺfGSaӣ5{Úa]Zo,s$3]ZfȌF=z#ZeGU7\rq*=gQRF1j\'EjLL1D]듾INs[}z#QmJzxTh=j>$.7\Zn̐=o1G\rvpcQ!t2}4MsK3mw\'ajvyL}厦HakPj#ݳ,ks{ɜals:\0&U1Fb\r5OD1ҿ\rfΎG=z,?q6އЏTkxLvJᓹע*al޶O$ başX֓@EcÀ  vWBw=sSJEe\'\\gsUy-w>%_?Th:\n(⒦FQm¸\\%vӎmֻj#7gO*\Z<dKVgNh Sp*]Ox%- xUD6xwwO5N1vPS\0Qe0RA%#k\n>_}S@Z8M#Ikmmcmw\\4-ϞU	mGRޕ57uʔnXi:\Z$<[bHdyHdyH2㧤i^~eЗD1^q{j߱B/<Ohjn@<+]ر\n.ű>;ۀ{NM60\'w(++zjkZ]\0z*W=t;q\r	L/\"1!A}#;*SXGyB6!D#+\0];<Y{D.~і67\\ko1;˲X|1(tJI	\"\'k[Ke>#LڈvNiOҍq55ѥ<cM㋦ s=AWj8deG\\Wheg\\OjoZ2~_\\;gysw|72fC+*6y^/\"\")k=N]Yk/jvJ6Qcedk.6~rŎqN^>8fnut8qعq\Z\0TJ\rskek̴tL^Fv\rJ2\Z?D7-Um\nuFd1$s$d-X\0xqk̖HSvb\"Y^djsvo&?DQ3\00:xQenf?CiOQZTz\Z4V.ծ81L:*lX#8#\rh%^O:j<`ƇE?MF;\nBy\\>S8`xwaN|8[,OÖZb\" *_NH6De|zT3_~\ZfϔSp\n\n|IV8LC&PI\0`TXBCW2~걫q1DAiL8.;OR_ܨ=iMp} &;Y$<V\0rsc?Nڱ|,\0<![M<,\0΁1*\0\ru;;\ZB~\\~\ZW.XdƹK#\\K>TGץkV-}ZKz>0>}s]5ms\0ⱟ\'H}Kd)/$(RʲN?y][W4GfDE-!GJv/DwΥLpk:Z%d₵63y!\0e[w}%C׈<\0Ǔ5XbpqH#c{zc5}+\"񣍟k??g|䪅<4 Z>0qEf8x`)kҝtWyw>q_~Q=1OGN+V_=}5Y>QYcQ95Zb~<ֶGH14)Mk~oѹ+Kf9>H|e֭Jᑁn#4usn>7cAkU\nS\Z	epQIeyڛO\Zױдrhǆ뵙z\0JYIˋ<u!%ֹ<7CI`E9\ZIkKg4A D`U\\Q;Gj\0yk>h\0U|3i_4nls-p#ւFK0Zs\'^VA nNFѶ. cLhְ46>=i]\'먼/3OQ`i\0N]{Ճ\0_6fdZ9p\ru\\sSW^Dϗ{>Pk#u&7u_8\\OYS|&7?9=?G#7\'+<RER*tOsטtKM\0-\rV@'),
(8,'root@sunilos.com','2022-05-24 12:06:25','root@sunilos.com','2022-05-24 12:06:25',0,'root','Profile picture',NULL,'images (3).jpg','/User/profilePic/8',NULL,'image/jpeg',8,'\0JFIF\0\0\0\0\0\0\0\0	) %!1!%)+0/.!38?,7(-.+\n\n\n\r\r7%%7+-+/--0++../01+52+/7-15--+-+//-17//85/7+5/7-/-3+-\0\0\0\"\0\0\0\0\0\0\0\0\0\0\0\0\0\0\0\0X\0\0\0\0\0!1AQaq\"#6Rst$%345BUru2CVSbcde򣤴\0\Z\0\0\0\0\0\0\0\0\0\0\0\0\0\0-\0\0\0\0\0\0\0\01!AQaqR34\0\0\0?\0Q6ZVOU$gEa!:\ZU{S]5m);մԌtbhK4p\nG3w#=rVtV;\'#~KFQh8oi/L_~REߔ}\0ߔEDCC~Q!RQ^B\Zh̳1k浣\\T<K<\\Fъ{c5\\{o)Qm*\0xoy\'h\r6pΎQb;_n\ZZ5;?:t/e3^9iiڿh3;B}$g=\nϿON?c?Z2 zߜc#:1U;lc,ЂL_1\0Mh\'ȼ,e!pZR\\\"l\0ծڷ,◮~\'v5\"\"5Sܧ]R{͹O5z.oڭ*5sVD@DD󨙱y\rkZ\\v5$ˌ\ndG6t^rѽ۵m$眧JEǇ3˙Gh=?;A[edإIp81_25 \"\"	<(j_KQ$:\0O=l5%ֵҒd2\\GˮB Wk:-iDckf\\sX-\'$KTUq\0<JqnT\Zb.\\\"\"\" )qXuEs\'uG@DD	NSj,ǩS朂75^QkU,{MGOm@DDDALcNg`n3i9O_J2[U}?\"4AfG-P\ZM;עn\'}7/ `j\"if?4q^c\0\\w~g\rOh8w]+G@DDUOrQ9Z=O:4>vyǫrfZN\08o@DDDAᦟfE~Xkn5n)7@G@DDE7\'[?FΕlL}F kI \0I$\0\0$`\0\Z\'rcFɨD;Ē\rCcyMdLᖑޘ\\w\"o㶥vAUVf8tmt$:Ih#x%y|j李i,pj<QAč$NElLiyy6x(Yc)?	<K(3:o\0壬~׭^THw%GrQJ=%Sܳ 	IdWLW4D@DDL[	 ]F8r8Zj%\\<濃{\\_H/iA:vxY)#i*%6=Rıo\"مm9;p V6X̀BC\\3c5GTR0BѼf|ឱj\n9RH8jE<Eڇh<Xu[j\nGdoFC5,Xu\\H!k\Z\ZƵhk@dk\ZLM:zS+[[\'\r_[iԮ\ry8	U\n&klAeEPUbEEW˝BIW܄hw=na\nMWڬ¼ډQ?HW)^(N!vI=8hr_7FjI%4܎79^WMrd_tD@DDW]|N|GYo]|P9\"G\0GsM9H.8=+?s̟Q)y+P\0_H3>$S\rgr\0~7\rOk;$w\\&:iiIc-$mm<rb9BƱK«h%\rF\n]i44kF0WSB8\">UpUI;X\Z~Ug)#ék+b9	経k}s|+,0`2<).m\0wO=4UᡱFX*bt\"t@gh/!Ύq,cXғf-Y:V.i?xpeCդ6+*=\rL׷M38aeIHjoU1J\0ǳoϮ\'.:ΞX<#v?	B+G_>LXK@kFmq\r\rG00󱁧Ļ3Cn\\)\\EY)]/ŒyRO]\\Tu	{LIANy\nȯjhG_S	,2Fy]AB̕i	dn==<B87ׁW՘򆶈\0_dIo9ꚸN@_DnZ	\Z/(uOtOk\Ztb-\05nJ56TbTTmis~SA\ZJ.L衎7H \0^@vh)*Z\\lL\'$ 跛y\0WLCDd{LϱkNG?eJNN>OsUV<Ď\\iF=쀈3_?ʴE]tߌDD@]lKdOJ쮽xRv%+1*=\"buy8sA,%ttU庋hnG(;]	3ZZ\0R}FJ: r	1JzG=t {5sXo:ʸJQ+,f&cDA;U@\rEeOH6/8wd\'}fJѕY85TPՋ܇yLYY4&\'VQm{Y	<mq#)&v?Iaյ@z1gH9P_1Z\n8]=D(5kF8YXNW\r\n8e4Nӝ\Z	oa\\p̅&mV7+d73bv&}pԻ1720 22fi[\0A)󏌆7ԪylDbJ|YK[Fd6 |r;s4,N]EIW\\:V?V3sLEtaQ̴DD@_\Z[wU~H(>A*<떀ĻHy%9Hr2ZgD8(%äi$ׯ&8X6GWe3[<:3IzyH\04hu0&xz8{G#[{{r,-Ln{γx3F\\y(i\nb$2ib!D罧k^guަ&ƱMh_URܽ)yH]l::xmZ;;x]s\\4lEpeyڎKStǉHo֋fl*F]_nƇ8;v.i#⚝kVMSbT\n\\mkŴv<nxZV|!2Y~8<͠ş	5q=Ĥkl7,ʺfGSaӣ5{Úa]Zo,s$3]ZfȌF=z#ZeGU7\rq*=gQRF1j\'EjLL1D]듾INs[}z#QmJzxTh=j>$.7\Zn̐=o1G\rvpcQ!t2}4MsK3mw\'ajvyL}厦HakPj#ݳ,ks{ɜals:\0&U1Fb\r5OD1ҿ\rfΎG=z,?q6އЏTkxLvJᓹע*al޶O$ başX֓@EcÀ  vWBw=sSJEe\'\\gsUy-w>%_?Th:\n(⒦FQm¸\\%vӎmֻj#7gO*\Z<dKVgNh Sp*]Ox%- xUD6xwwO5N1vPS\0Qe0RA%#k\n>_}S@Z8M#Ikmmcmw\\4-ϞU	mGRޕ57uʔnXi:\Z$<[bHdyHdyH2㧤i^~eЗD1^q{j߱B/<Ohjn@<+]ر\n.ű>;ۀ{NM60\'w(++zjkZ]\0z*W=t;q\r	L/\"1!A}#;*SXGyB6!D#+\0];<Y{D.~і67\\ko1;˲X|1(tJI	\"\'k[Ke>#LڈvNiOҍq55ѥ<cM㋦ s=AWj8deG\\Wheg\\OjoZ2~_\\;gysw|72fC+*6y^/\"\")k=N]Yk/jvJ6Qcedk.6~rŎqN^>8fnut8qعq\Z\0TJ\rskek̴tL^Fv\rJ2\Z?D7-Um\nuFd1$s$d-X\0xqk̖HSvb\"Y^djsvo&?DQ3\00:xQenf?CiOQZTz\Z4V.ծ81L:*lX#8#\rh%^O:j<`ƇE?MF;\nBy\\>S8`xwaN|8[,OÖZb\" *_NH6De|zT3_~\ZfϔSp\n\n|IV8LC&PI\0`TXBCW2~걫q1DAiL8.;OR_ܨ=iMp} &;Y$<V\0rsc?Nڱ|,\0<![M<,\0΁1*\0\ru;;\ZB~\\~\ZW.XdƹK#\\K>TGץkV-}ZKz>0>}s]5ms\0ⱟ\'H}Kd)/$(RʲN?y][W4GfDE-!GJv/DwΥLpk:Z%d₵63y!\0e[w}%C׈<\0Ǔ5XbpqH#c{zc5}+\"񣍟k??g|䪅<4 Z>0qEf8x`)kҝtWyw>q_~Q=1OGN+V_=}5Y>QYcQ95Zb~<ֶGH14)Mk~oѹ+Kf9>H|e֭Jᑁn#4usn>7cAkU\nS\Z	epQIeyڛO\Zױдrhǆ뵙z\0JYIˋ<u!%ֹ<7CI`E9\ZIkKg4A D`U\\Q;Gj\0yk>h\0U|3i_4nls-p#ւFK0Zs\'^VA nNFѶ. cLhְ46>=i]\'먼/3OQ`i\0N]{Ճ\0_6fdZ9p\ru\\sSW^Dϗ{>Pk#u&7u_8\\OYS|&7?9=?G#7\'+<RER*tOsטtKM\0-\rV@'),
(9,'root@sunilos.com','2022-05-24 12:06:28','root@sunilos.com','2022-05-24 12:06:28',0,'root','Profile picture',NULL,'images (3).jpg','/User/profilePic/8',NULL,'image/jpeg',8,'\0JFIF\0\0\0\0\0\0\0\0	) %!1!%)+0/.!38?,7(-.+\n\n\n\r\r7%%7+-+/--0++../01+52+/7-15--+-+//-17//85/7+5/7-/-3+-\0\0\0\"\0\0\0\0\0\0\0\0\0\0\0\0\0\0\0\0X\0\0\0\0\0!1AQaq\"#6Rst$%345BUru2CVSbcde򣤴\0\Z\0\0\0\0\0\0\0\0\0\0\0\0\0\0-\0\0\0\0\0\0\0\01!AQaqR34\0\0\0?\0Q6ZVOU$gEa!:\ZU{S]5m);մԌtbhK4p\nG3w#=rVtV;\'#~KFQh8oi/L_~REߔ}\0ߔEDCC~Q!RQ^B\Zh̳1k浣\\T<K<\\Fъ{c5\\{o)Qm*\0xoy\'h\r6pΎQb;_n\ZZ5;?:t/e3^9iiڿh3;B}$g=\nϿON?c?Z2 zߜc#:1U;lc,ЂL_1\0Mh\'ȼ,e!pZR\\\"l\0ծڷ,◮~\'v5\"\"5Sܧ]R{͹O5z.oڭ*5sVD@DD󨙱y\rkZ\\v5$ˌ\ndG6t^rѽ۵m$眧JEǇ3˙Gh=?;A[edإIp81_25 \"\"	<(j_KQ$:\0O=l5%ֵҒd2\\GˮB Wk:-iDckf\\sX-\'$KTUq\0<JqnT\Zb.\\\"\"\" )qXuEs\'uG@DD	NSj,ǩS朂75^QkU,{MGOm@DDDALcNg`n3i9O_J2[U}?\"4AfG-P\ZM;עn\'}7/ `j\"if?4q^c\0\\w~g\rOh8w]+G@DDUOrQ9Z=O:4>vyǫrfZN\08o@DDDAᦟfE~Xkn5n)7@G@DDE7\'[?FΕlL}F kI \0I$\0\0$`\0\Z\'rcFɨD;Ē\rCcyMdLᖑޘ\\w\"o㶥vAUVf8tmt$:Ih#x%y|j李i,pj<QAč$NElLiyy6x(Yc)?	<K(3:o\0壬~׭^THw%GrQJ=%Sܳ 	IdWLW4D@DDL[	 ]F8r8Zj%\\<濃{\\_H/iA:vxY)#i*%6=Rıo\"مm9;p V6X̀BC\\3c5GTR0BѼf|ឱj\n9RH8jE<Eڇh<Xu[j\nGdoFC5,Xu\\H!k\Z\ZƵhk@dk\ZLM:zS+[[\'\r_[iԮ\ry8	U\n&klAeEPUbEEW˝BIW܄hw=na\nMWڬ¼ډQ?HW)^(N!vI=8hr_7FjI%4܎79^WMrd_tD@DDW]|N|GYo]|P9\"G\0GsM9H.8=+?s̟Q)y+P\0_H3>$S\rgr\0~7\rOk;$w\\&:iiIc-$mm<rb9BƱK«h%\rF\n]i44kF0WSB8\">UpUI;X\Z~Ug)#ék+b9	経k}s|+,0`2<).m\0wO=4UᡱFX*bt\"t@gh/!Ύq,cXғf-Y:V.i?xpeCդ6+*=\rL׷M38aeIHjoU1J\0ǳoϮ\'.:ΞX<#v?	B+G_>LXK@kFmq\r\rG00󱁧Ļ3Cn\\)\\EY)]/ŒyRO]\\Tu	{LIANy\nȯjhG_S	,2Fy]AB̕i	dn==<B87ׁW՘򆶈\0_dIo9ꚸN@_DnZ	\Z/(uOtOk\Ztb-\05nJ56TbTTmis~SA\ZJ.L衎7H \0^@vh)*Z\\lL\'$ 跛y\0WLCDd{LϱkNG?eJNN>OsUV<Ď\\iF=쀈3_?ʴE]tߌDD@]lKdOJ쮽xRv%+1*=\"buy8sA,%ttU庋hnG(;]	3ZZ\0R}FJ: r	1JzG=t {5sXo:ʸJQ+,f&cDA;U@\rEeOH6/8wd\'}fJѕY85TPՋ܇yLYY4&\'VQm{Y	<mq#)&v?Iaյ@z1gH9P_1Z\n8]=D(5kF8YXNW\r\n8e4Nӝ\Z	oa\\p̅&mV7+d73bv&}pԻ1720 22fi[\0A)󏌆7ԪylDbJ|YK[Fd6 |r;s4,N]EIW\\:V?V3sLEtaQ̴DD@_\Z[wU~H(>A*<떀ĻHy%9Hr2ZgD8(%äi$ׯ&8X6GWe3[<:3IzyH\04hu0&xz8{G#[{{r,-Ln{γx3F\\y(i\nb$2ib!D罧k^guަ&ƱMh_URܽ)yH]l::xmZ;;x]s\\4lEpeyڎKStǉHo֋fl*F]_nƇ8;v.i#⚝kVMSbT\n\\mkŴv<nxZV|!2Y~8<͠ş	5q=Ĥkl7,ʺfGSaӣ5{Úa]Zo,s$3]ZfȌF=z#ZeGU7\rq*=gQRF1j\'EjLL1D]듾INs[}z#QmJzxTh=j>$.7\Zn̐=o1G\rvpcQ!t2}4MsK3mw\'ajvyL}厦HakPj#ݳ,ks{ɜals:\0&U1Fb\r5OD1ҿ\rfΎG=z,?q6އЏTkxLvJᓹע*al޶O$ başX֓@EcÀ  vWBw=sSJEe\'\\gsUy-w>%_?Th:\n(⒦FQm¸\\%vӎmֻj#7gO*\Z<dKVgNh Sp*]Ox%- xUD6xwwO5N1vPS\0Qe0RA%#k\n>_}S@Z8M#Ikmmcmw\\4-ϞU	mGRޕ57uʔnXi:\Z$<[bHdyHdyH2㧤i^~eЗD1^q{j߱B/<Ohjn@<+]ر\n.ű>;ۀ{NM60\'w(++zjkZ]\0z*W=t;q\r	L/\"1!A}#;*SXGyB6!D#+\0];<Y{D.~і67\\ko1;˲X|1(tJI	\"\'k[Ke>#LڈvNiOҍq55ѥ<cM㋦ s=AWj8deG\\Wheg\\OjoZ2~_\\;gysw|72fC+*6y^/\"\")k=N]Yk/jvJ6Qcedk.6~rŎqN^>8fnut8qعq\Z\0TJ\rskek̴tL^Fv\rJ2\Z?D7-Um\nuFd1$s$d-X\0xqk̖HSvb\"Y^djsvo&?DQ3\00:xQenf?CiOQZTz\Z4V.ծ81L:*lX#8#\rh%^O:j<`ƇE?MF;\nBy\\>S8`xwaN|8[,OÖZb\" *_NH6De|zT3_~\ZfϔSp\n\n|IV8LC&PI\0`TXBCW2~걫q1DAiL8.;OR_ܨ=iMp} &;Y$<V\0rsc?Nڱ|,\0<![M<,\0΁1*\0\ru;;\ZB~\\~\ZW.XdƹK#\\K>TGץkV-}ZKz>0>}s]5ms\0ⱟ\'H}Kd)/$(RʲN?y][W4GfDE-!GJv/DwΥLpk:Z%d₵63y!\0e[w}%C׈<\0Ǔ5XbpqH#c{zc5}+\"񣍟k??g|䪅<4 Z>0qEf8x`)kҝtWyw>q_~Q=1OGN+V_=}5Y>QYcQ95Zb~<ֶGH14)Mk~oѹ+Kf9>H|e֭Jᑁn#4usn>7cAkU\nS\Z	epQIeyڛO\Zױдrhǆ뵙z\0JYIˋ<u!%ֹ<7CI`E9\ZIkKg4A D`U\\Q;Gj\0yk>h\0U|3i_4nls-p#ւFK0Zs\'^VA nNFѶ. cLhְ46>=i]\'먼/3OQ`i\0N]{Ճ\0_6fdZ9p\ru\\sSW^Dϗ{>Pk#u&7u_8\\OYS|&7?9=?G#7\'+<RER*tOsטtKM\0-\rV@'),
(10,'root@sunilos.com','2022-05-24 12:07:33','root@sunilos.com','2022-05-24 12:07:33',0,'root','Profile picture',NULL,'download (1).jpg','/User/profilePic/9',NULL,'image/jpeg',9,'\0JFIF\0\0\0\0\0\0\0\0	4 \Z%!1\"%++...385,7(-:+\n\n\n\r-+--7---+-+-+--++++---+--+-++------------+--+7-7-7+\0\0\0\"\0\0\0\0\0\0\0\0\0\0\0\0\0\0\0\0A\0	\0\0\0\0\0!1AQa\"q2R#3BCbr$DSs\0\0\0\0\0\0\0\0\0\0\0\0\0\0\0\0\0\0\0\0\0\0\0\0\0\01!A\0\0\0?\0 \0\0\0\0\0\0\0\0\0\0\0\0\0\0\0\0\0\0\0\0\0\0\0\0\0\0\0\0\0\0\0\0\0\0\0\0\0\0\0\0:ю%\\~ڋcl\Z.I?J?D_|HO=,d?\0i>LD^=\0\0\0\0\0\0\0\0\0\0\0\0\0\0\0\0\0f#>9;oWҫ.H\rZ\0\0\0\0\0\0yGs˓nQĩe*fLCk)fF]F\Z͍%\0@\0\0\0\0\0\0\0\0\0\0\'9-\'5:d2\0\0.ە,4#*ޔ.{ȷ\\1xTԅ>[RQoq#jk^	;{kSמg&rmmݾ|)[pּV\0	Z#JG9J6rkGAt򛃄e_|[+.>T\n=IϒWsQP-b;fC\0H_N+FE:WG?	_e~9V\0H\0\0\0\0\0\0\0&zfڗE0#-^\0]\0\0\rm%\ZS尒nyGv{9/?HUJ?r\0BK\r=CBRR9m\'u{̓T3qR1ir\\eoĉ}VOkST^LbSA4^Qk9Wk=/4iR\ZZ\'/g:	\'tvRc+44Ρ[\nm%8inYtiVUtGRN;0\\[Y绩WZ-\05P\0\0$0unTGْ~}wĨ@\0\0\0\0\0yžCSHK$s;Q}4S \0\0\0+vφ_Fa0ynݿGȄA7SgMo|FSo704Ϥ\0`\00sRĢ_G;\0W/ށjRJ./PpN5->ɾN\0W^P\0\0\0#dg4pͮj_99Z\0\0\0\0\0\rsw#|{i0\rـ\0\0OXpe)/mz$;npv#eUs58k{T7gsoS\0\0dEoV?b_ªJ_߉3*TՖt?\r-\'M_\ZI@\0\0\0GiIT=T|z\0k\0\0\0n/~\"H.zF?j\\\0n\0g FOsV*:L6\"Jsn.NхEtRb:-Ӫv*gmʢ_^i)jզ5BfjKeIItڒ/^]konwXm5{7kwNviMX}d:Вj79RcV6^\\8WOfR<Uߩ`zBQBYIRw?8]eKd/Քbo+WWR1،JQ$ϋ:.z*ƣQJQQM5-.ֈJ4벮&ǈ)I^&>RG_3XjE{`\0\0\0=H#00_\0\0\0#pŉ׉lT_H\0\0\0\0\"*cbjҌ鵵uNߚ2 Q}.7ymxo(4Ԣekzks3kl־ѕ0]:enKaqX}%KURRohi\rIb^<39;y39WV\rjJ;S\\6x-KdcB<\\;tPn6,ѧtVoi>\0*4thaug;%668YCb39T);.I\rT\nI%kqpv̿_~\0\0\0\0\06p7|_G3`k@\0@\0\0\0\0\0{2|hHmG-5m*Jgr-ƻj}ȫzy/ߚ 1VoWfK7Na]JߦKŐ8lK/-Ԯ;WDIʤ*ɦm4vi(jް{kRҪOr]8cdM6ii:iᣳJf<\")tĠ׭)S\'v1Rr۔3*dN\"֪Ѳ\\eNേS-g.S(@݈=!ZԔz^y-m{ӿCEnV(m4x-#FR/1e\\D}\0j\0\0\0\0\0\0\0\0]#Q QM\0K+ь(M)FI\'0	eOj7>̷]z!	@\0$\0\0\0\0\0\0\0\0\0\0\0$;e˒kU4#R*m9Oz>K8`Bi[1ͳ`@\0\0\0\0\0\0\0\0\0\0\0эHdWMXVt/Ru(k|鮿z:(R^5nǃJ>،3mGjC@\0H\0\0\0\0\0\0oG؉Z9O\'.S)Ӵ-UK.\n\\SR;g.\\{wBJ*1\\9m}L[%G\0\0\0\0\0\0\0\0\0\0\0\0\0\0\0\0\ZMY5O	VAғM쯻Eʴ&I8?5{/is/CRZxSl#qOڷ\096h6[5R~nRjZ鮊U%/R{ZvsR/}a4)F)E,I$=\0\0\0\0\0\0\0\0\0\0\0\0\0\0\0\0\0\0\0\0\0\0\0\0\0\0\0\0\0\0\0\0\0\0\0\0\0\0\0\0\0\0\0\0\0\0\0\0\0\0\0\0\0\0\0\0\0\0\0\0\0\0\0\0\0\0\0\0\0\0\0'),
(11,'root@sunilos.com','2022-05-24 12:07:37','root@sunilos.com','2022-05-24 12:07:37',0,'root','Profile picture',NULL,'download (1).jpg','/User/profilePic/9',NULL,'image/jpeg',9,'\0JFIF\0\0\0\0\0\0\0\0	4 \Z%!1\"%++...385,7(-:+\n\n\n\r-+--7---+-+-+--++++---+--+-++------------+--+7-7-7+\0\0\0\"\0\0\0\0\0\0\0\0\0\0\0\0\0\0\0\0A\0	\0\0\0\0\0!1AQa\"q2R#3BCbr$DSs\0\0\0\0\0\0\0\0\0\0\0\0\0\0\0\0\0\0\0\0\0\0\0\0\0\01!A\0\0\0?\0 \0\0\0\0\0\0\0\0\0\0\0\0\0\0\0\0\0\0\0\0\0\0\0\0\0\0\0\0\0\0\0\0\0\0\0\0\0\0\0\0:ю%\\~ڋcl\Z.I?J?D_|HO=,d?\0i>LD^=\0\0\0\0\0\0\0\0\0\0\0\0\0\0\0\0\0f#>9;oWҫ.H\rZ\0\0\0\0\0\0yGs˓nQĩe*fLCk)fF]F\Z͍%\0@\0\0\0\0\0\0\0\0\0\0\'9-\'5:d2\0\0.ە,4#*ޔ.{ȷ\\1xTԅ>[RQoq#jk^	;{kSמg&rmmݾ|)[pּV\0	Z#JG9J6rkGAt򛃄e_|[+.>T\n=IϒWsQP-b;fC\0H_N+FE:WG?	_e~9V\0H\0\0\0\0\0\0\0&zfڗE0#-^\0]\0\0\rm%\ZS尒nyGv{9/?HUJ?r\0BK\r=CBRR9m\'u{̓T3qR1ir\\eoĉ}VOkST^LbSA4^Qk9Wk=/4iR\ZZ\'/g:	\'tvRc+44Ρ[\nm%8inYtiVUtGRN;0\\[Y绩WZ-\05P\0\0$0unTGْ~}wĨ@\0\0\0\0\0yžCSHK$s;Q}4S \0\0\0+vφ_Fa0ynݿGȄA7SgMo|FSo704Ϥ\0`\00sRĢ_G;\0W/ށjRJ./PpN5->ɾN\0W^P\0\0\0#dg4pͮj_99Z\0\0\0\0\0\rsw#|{i0\rـ\0\0OXpe)/mz$;npv#eUs58k{T7gsoS\0\0dEoV?b_ªJ_߉3*TՖt?\r-\'M_\ZI@\0\0\0GiIT=T|z\0k\0\0\0n/~\"H.zF?j\\\0n\0g FOsV*:L6\"Jsn.NхEtRb:-Ӫv*gmʢ_^i)jզ5BfjKeIItڒ/^]konwXm5{7kwNviMX}d:Вj79RcV6^\\8WOfR<Uߩ`zBQBYIRw?8]eKd/Քbo+WWR1،JQ$ϋ:.z*ƣQJQQM5-.ֈJ4벮&ǈ)I^&>RG_3XjE{`\0\0\0=H#00_\0\0\0#pŉ׉lT_H\0\0\0\0\"*cbjҌ鵵uNߚ2 Q}.7ymxo(4Ԣekzks3kl־ѕ0]:enKaqX}%KURRohi\rIb^<39;y39WV\rjJ;S\\6x-KdcB<\\;tPn6,ѧtVoi>\0*4thaug;%668YCb39T);.I\rT\nI%kqpv̿_~\0\0\0\0\06p7|_G3`k@\0@\0\0\0\0\0{2|hHmG-5m*Jgr-ƻj}ȫzy/ߚ 1VoWfK7Na]JߦKŐ8lK/-Ԯ;WDIʤ*ɦm4vi(jް{kRҪOr]8cdM6ii:iᣳJf<\")tĠ׭)S\'v1Rr۔3*dN\"֪Ѳ\\eNേS-g.S(@݈=!ZԔz^y-m{ӿCEnV(m4x-#FR/1e\\D}\0j\0\0\0\0\0\0\0\0]#Q QM\0K+ь(M)FI\'0	eOj7>̷]z!	@\0$\0\0\0\0\0\0\0\0\0\0\0$;e˒kU4#R*m9Oz>K8`Bi[1ͳ`@\0\0\0\0\0\0\0\0\0\0\0эHdWMXVt/Ru(k|鮿z:(R^5nǃJ>،3mGjC@\0H\0\0\0\0\0\0oG؉Z9O\'.S)Ӵ-UK.\n\\SR;g.\\{wBJ*1\\9m}L[%G\0\0\0\0\0\0\0\0\0\0\0\0\0\0\0\0\ZMY5O	VAғM쯻Eʴ&I8?5{/is/CRZxSl#qOڷ\096h6[5R~nRjZ鮊U%/R{ZvsR/}a4)F)E,I$=\0\0\0\0\0\0\0\0\0\0\0\0\0\0\0\0\0\0\0\0\0\0\0\0\0\0\0\0\0\0\0\0\0\0\0\0\0\0\0\0\0\0\0\0\0\0\0\0\0\0\0\0\0\0\0\0\0\0\0\0\0\0\0\0\0\0\0\0\0\0\0');

/*Table structure for table `st_college` */

DROP TABLE IF EXISTS `st_college`;

CREATE TABLE `st_college` (
  `id` bigint(20) NOT NULL AUTO_INCREMENT,
  `created_by` varchar(50) DEFAULT NULL,
  `created_datetime` datetime DEFAULT NULL,
  `modified_by` varchar(50) DEFAULT NULL,
  `modified_datetime` datetime DEFAULT NULL,
  `org_id` bigint(20) DEFAULT NULL,
  `org_name` varchar(50) DEFAULT NULL,
  `address` varchar(50) DEFAULT NULL,
  `city` varchar(50) DEFAULT NULL,
  `name` varchar(50) DEFAULT NULL,
  `phoneno` varchar(15) DEFAULT NULL,
  `state` varchar(50) DEFAULT NULL,
  PRIMARY KEY (`id`)
) ENGINE=InnoDB AUTO_INCREMENT=8 DEFAULT CHARSET=latin1;

/*Data for the table `st_college` */

insert  into `st_college`(`id`,`created_by`,`created_datetime`,`modified_by`,`modified_datetime`,`org_id`,`org_name`,`address`,`city`,`name`,`phoneno`,`state`) values 
(1,'root@sunilos.com','2022-05-24 12:12:07','root@sunilos.com','2022-05-24 12:12:07',0,'root','Pigdambar,Indore','Indore','Medicaps','9752314444','Madhya Pradesh'),
(2,'root@sunilos.com','2022-05-24 12:13:05','root@sunilos.com','2022-05-24 12:13:05',0,'root','MP COLONY','BHOAPL','LNCT','9892924545','MADHYA PRADESH'),
(4,'root@sunilos.com','2022-05-24 12:14:41','root@sunilos.com','2022-05-24 12:14:41',0,'root','203, SAMPARK VIHAR','KANPUR','IIT KANPUR','9663635252','UTTAR PRADESH'),
(5,'root@sunilos.com','2022-05-24 12:15:33','root@sunilos.com','2022-05-24 12:15:33',0,'root','101, YN ROAD','PILANI','BITS','9541412323','RAJASTHAN'),
(6,'root@sunilos.com','2022-05-24 12:16:09','root@sunilos.com','2022-05-24 12:16:09',0,'root','22, XYZ ROAD','VELLORE','VITS','9845451212','TAMILNADU'),
(7,'root@sunilos.com','2022-05-24 12:17:01','root@sunilos.com','2022-05-24 12:17:01',0,'root','45, MOUNT ROAD','MUMBAI','XAVIER COLLEGE','9456561212','MAHARASHTRA');

/*Table structure for table `st_course` */

DROP TABLE IF EXISTS `st_course`;

CREATE TABLE `st_course` (
  `id` bigint(20) NOT NULL AUTO_INCREMENT,
  `created_by` varchar(50) DEFAULT NULL,
  `created_datetime` datetime DEFAULT NULL,
  `modified_by` varchar(50) DEFAULT NULL,
  `modified_datetime` datetime DEFAULT NULL,
  `org_id` bigint(20) DEFAULT NULL,
  `org_name` varchar(50) DEFAULT NULL,
  `course_id` bigint(20) DEFAULT NULL,
  `course_name` varchar(50) DEFAULT NULL,
  `description` varchar(50) DEFAULT NULL,
  `duration` varchar(50) DEFAULT NULL,
  PRIMARY KEY (`id`)
) ENGINE=InnoDB AUTO_INCREMENT=9 DEFAULT CHARSET=latin1;

/*Data for the table `st_course` */

insert  into `st_course`(`id`,`created_by`,`created_datetime`,`modified_by`,`modified_datetime`,`org_id`,`org_name`,`course_id`,`course_name`,`description`,`duration`) values 
(1,'root@sunilos.com','2022-05-24 18:47:13','root@sunilos.com','2022-05-24 18:47:13',0,'root',0,'B.E','Bachelor of engineering','4'),
(2,'root@sunilos.com','2022-05-24 18:48:28','root@sunilos.com','2022-05-24 18:48:28',0,'root',0,'B.Tech','Bachelor of Technology','4'),
(3,'root@sunilos.com','2022-05-24 18:49:13','root@sunilos.com','2022-05-24 18:49:13',0,'root',0,'MCA','Master of Computer Application','3'),
(4,'root@sunilos.com','2022-05-24 18:49:45','root@sunilos.com','2022-05-24 18:49:45',0,'root',0,'M.Tech','Master of Technology','3'),
(5,'root@sunilos.com','2022-05-24 18:50:09','root@sunilos.com','2022-05-24 18:50:09',0,'root',0,'MBA','Master in Business Administration','2'),
(6,'root@sunilos.com','2022-05-24 18:50:59','root@sunilos.com','2022-05-24 18:50:59',0,'root',0,'M.SC (P)','Master in Science(Physics)','2'),
(7,'root@sunilos.com','2022-05-24 18:51:32','root@sunilos.com','2022-05-24 18:51:32',0,'root',0,'M.SC (C)','Master in Science(Chemistry)','2'),
(8,'root@sunilos.com','2022-05-24 19:11:17','root@sunilos.com','2022-05-24 19:11:17',0,'root',0,'M.SC (M)','Master in Science(Mathematics)','2');

/*Table structure for table `st_faculty` */

DROP TABLE IF EXISTS `st_faculty`;

CREATE TABLE `st_faculty` (
  `id` bigint(20) NOT NULL AUTO_INCREMENT,
  `created_by` varchar(50) DEFAULT NULL,
  `created_datetime` datetime DEFAULT NULL,
  `modified_by` varchar(50) DEFAULT NULL,
  `modified_datetime` datetime DEFAULT NULL,
  `org_id` bigint(20) DEFAULT NULL,
  `org_name` varchar(50) DEFAULT NULL,
  `college_id` bigint(20) DEFAULT NULL,
  `college_name` varchar(50) DEFAULT NULL,
  `course_id` bigint(20) DEFAULT NULL,
  `course_name` varchar(50) DEFAULT NULL,
  `dob` datetime DEFAULT NULL,
  `email` varchar(50) DEFAULT NULL,
  `faculty_id` varchar(50) DEFAULT NULL,
  `first_name` varchar(50) DEFAULT NULL,
  `gender` varchar(10) DEFAULT NULL,
  `last_name` varchar(50) DEFAULT NULL,
  `phone_no` varchar(15) DEFAULT NULL,
  `qualification` varchar(15) DEFAULT NULL,
  `subject_id` bigint(20) DEFAULT NULL,
  `subject_name` varchar(50) DEFAULT NULL,
  PRIMARY KEY (`id`)
) ENGINE=InnoDB AUTO_INCREMENT=5 DEFAULT CHARSET=latin1;

/*Data for the table `st_faculty` */

insert  into `st_faculty`(`id`,`created_by`,`created_datetime`,`modified_by`,`modified_datetime`,`org_id`,`org_name`,`college_id`,`college_name`,`course_id`,`course_name`,`dob`,`email`,`faculty_id`,`first_name`,`gender`,`last_name`,`phone_no`,`qualification`,`subject_id`,`subject_name`) values 
(1,'root@sunilos.com','2022-05-24 19:16:42','root@sunilos.com','2022-05-24 19:16:42',0,'root',4,'IIT KANPUR',1,'B.E','1992-05-01 05:30:00','rahul@gmail.com',NULL,'Rahul','Male','Goyal','9425012345','M.E',5,'Data Science'),
(2,'root@sunilos.com','2022-05-24 19:17:37','root@sunilos.com','2022-05-24 19:17:37',0,'root',1,'Medicaps',7,'M.SC (C)','1999-12-19 05:30:00','kunal@gmail.com',NULL,'Kunal','Male','Bagora','9892925656','B.E',3,'Chemistry'),
(3,'root@sunilos.com','2022-05-24 19:20:35','root@sunilos.com','2022-05-24 19:20:35',0,'root',3,'ORIENTAL',1,'B.E','1996-06-06 05:30:00','Shikhar@gmail.com',NULL,'Shikhar','Male','Chouhan','9425012345','B.Tech',4,'Algorithms & Structure'),
(4,'root@sunilos.com','2022-05-24 19:22:30','root@sunilos.com','2022-05-24 19:22:30',0,'root',6,'VITS',2,'B.Tech','2001-12-12 05:30:00','tapan@gmail.com',NULL,'Tapan','Male','Maheshwari','9425012345','M.Sc',6,'DBMS');

/*Table structure for table `st_marksheet` */

DROP TABLE IF EXISTS `st_marksheet`;

CREATE TABLE `st_marksheet` (
  `id` bigint(20) NOT NULL AUTO_INCREMENT,
  `name` varchar(50) DEFAULT NULL,
  `roll_no` varchar(20) DEFAULT NULL,
  `student_id` bigint(20) DEFAULT NULL,
  `chemistry` int(11) DEFAULT NULL,
  `maths` int(11) DEFAULT NULL,
  `physics` int(11) DEFAULT NULL,
  `org_name` varchar(50) DEFAULT NULL,
  `org_id` bigint(20) DEFAULT NULL,
  `created_by` varchar(50) DEFAULT NULL,
  `created_datetime` datetime DEFAULT NULL,
  `modified_by` varchar(50) DEFAULT NULL,
  `modified_datetime` datetime DEFAULT NULL,
  PRIMARY KEY (`id`)
) ENGINE=InnoDB AUTO_INCREMENT=68 DEFAULT CHARSET=latin1;

/*Data for the table `st_marksheet` */

insert  into `st_marksheet`(`id`,`name`,`roll_no`,`student_id`,`chemistry`,`maths`,`physics`,`org_name`,`org_id`,`created_by`,`created_datetime`,`modified_by`,`modified_datetime`) values 
(1,'Rishabh Sanghavi','2020CS1001',1,21,21,91,NULL,0,'root',NULL,'root@sunilos.com','2022-06-28 15:20:59'),
(55,'Amit Bajaj','2020CS1002',4,85,52,63,'root',0,'root@sunilos.com','2022-06-20 14:55:13','root@sunilos.com','2022-06-20 14:55:13'),
(56,'Animesh Porwal','2020CS1003',2,21,85,55,'root',0,'root@sunilos.com','2022-06-20 14:55:34','root@sunilos.com','2022-06-20 14:55:34'),
(57,'Gopesh Kumar','2020CS1004',12,49,85,45,'root',0,'root@sunilos.com','2022-06-20 14:55:53','root@sunilos.com','2022-06-20 14:55:53'),
(58,'Ishaan Rastogi','2020CS1005',13,67,52,55,'root',0,'root@sunilos.com','2022-06-20 14:56:56','root@sunilos.com','2022-06-20 14:56:56'),
(59,'Mayank Mishra','2020CS1006',10,77,79,72,'root',0,'root@sunilos.com','2022-06-20 14:57:18','root@sunilos.com','2022-06-20 14:57:18'),
(60,'Mayur Gupta','2020CS1007',11,73,65,81,'root',0,'root@sunilos.com','2022-06-20 14:57:48','root@sunilos.com','2022-06-20 14:57:48'),
(61,'Mitesh Kabra','2020CS1008',3,63,67,59,NULL,0,'root',NULL,'root@sunilos.com','2022-06-20 14:59:14'),
(62,'pankaj soni','2020CS1009',7,77,66,81,'root',0,'root@sunilos.com','2022-06-20 14:59:51','root@sunilos.com','2022-06-20 14:59:51'),
(63,'piyush jain','2020CS1010',8,59,45,69,'root',0,'root@sunilos.com','2022-06-20 15:00:26','root@sunilos.com','2022-06-20 15:00:26'),
(64,'Rishabh Sanghavi','2020CS1011',1,95,97,99,'root',0,'root@sunilos.com','2022-06-20 15:00:54','root@sunilos.com','2022-06-20 15:00:54'),
(65,'tarun tomar','2020CS1012',9,85,75,93,'root',0,'root@sunilos.com','2022-06-20 15:01:23','root@sunilos.com','2022-06-20 15:01:23'),
(66,'Mitesh Kabra','2020CS1013',3,88,85,98,'root',0,'root@sunilos.com','2022-06-28 14:22:28','root@sunilos.com','2022-06-28 14:22:28'),
(67,'Akshay singh','2020CS1014',6,88,21,98,'root',0,'root@sunilos.com','2022-06-29 18:51:28','root@sunilos.com','2022-06-29 18:51:28');

/*Table structure for table `st_message` */

DROP TABLE IF EXISTS `st_message`;

CREATE TABLE `st_message` (
  `id` bigint(20) NOT NULL AUTO_INCREMENT,
  `created_by` varchar(50) DEFAULT NULL,
  `created_datetime` datetime DEFAULT NULL,
  `modified_by` varchar(50) DEFAULT NULL,
  `modified_datetime` datetime DEFAULT NULL,
  `org_id` bigint(20) DEFAULT NULL,
  `org_name` varchar(50) DEFAULT NULL,
  `body` longtext NOT NULL,
  `code` varchar(10) NOT NULL,
  `is_html` varchar(150) DEFAULT NULL,
  `status` varchar(15) DEFAULT NULL,
  `subject` varchar(200) NOT NULL,
  `type` varchar(15) DEFAULT NULL,
  PRIMARY KEY (`id`),
  UNIQUE KEY `UK_33m7f3qh2o7ko8x2p87mlygkd` (`code`)
) ENGINE=InnoDB DEFAULT CHARSET=latin1;

/*Data for the table `st_message` */

/*Table structure for table `st_role` */

DROP TABLE IF EXISTS `st_role`;

CREATE TABLE `st_role` (
  `id` bigint(20) NOT NULL AUTO_INCREMENT,
  `name` varchar(50) DEFAULT NULL,
  `status` varchar(15) DEFAULT NULL,
  `description` varchar(100) DEFAULT NULL,
  `org_id` bigint(20) DEFAULT NULL,
  `org_name` varchar(50) DEFAULT NULL,
  `can_delete` varchar(1) DEFAULT NULL,
  `can_read` varchar(1) DEFAULT NULL,
  `can_update` varchar(1) DEFAULT NULL,
  `can_write` varchar(1) DEFAULT NULL,
  `created_by` varchar(50) DEFAULT NULL,
  `created_datetime` datetime DEFAULT NULL,
  `modified_by` varchar(50) DEFAULT NULL,
  `modified_datetime` datetime DEFAULT NULL,
  PRIMARY KEY (`id`)
) ENGINE=InnoDB AUTO_INCREMENT=5 DEFAULT CHARSET=latin1;

/*Data for the table `st_role` */

insert  into `st_role`(`id`,`name`,`status`,`description`,`org_id`,`org_name`,`can_delete`,`can_read`,`can_update`,`can_write`,`created_by`,`created_datetime`,`modified_by`,`modified_datetime`) values 
(1,'Admin','Active','Admin has right to add, update and delete other entities',0,NULL,'Y','Y','Y','Y','root',NULL,'root@sunilos.com','2022-05-24 11:27:27'),
(2,'Student','Active','Student can view his marksheet and can update his profile and password',0,'root','Y','Y','Y','Y','root@sunilos.com','2022-05-24 11:30:43','root@sunilos.com','2022-05-24 11:30:43'),
(3,'college_school','Active','College_school can view and update marksheet',0,'root','Y','Y','Y','Y','root@sunilos.com','2022-05-24 11:31:36','root@sunilos.com','2022-05-24 11:31:36'),
(4,'Kiosk','Active','Kiosk Has similar rights as that of College_school',0,'root','Y','Y','Y','Y','root@sunilos.com','2022-05-24 11:32:58','root@sunilos.com','2022-05-24 11:32:58');

/*Table structure for table `st_student` */

DROP TABLE IF EXISTS `st_student`;

CREATE TABLE `st_student` (
  `id` bigint(20) NOT NULL AUTO_INCREMENT,
  `created_by` varchar(50) DEFAULT NULL,
  `created_datetime` datetime DEFAULT NULL,
  `modified_by` varchar(50) DEFAULT NULL,
  `modified_datetime` datetime DEFAULT NULL,
  `org_id` bigint(20) DEFAULT NULL,
  `org_name` varchar(50) DEFAULT NULL,
  `college_id` bigint(20) DEFAULT NULL,
  `college_name` varchar(50) DEFAULT NULL,
  `dob` datetime DEFAULT NULL,
  `email` varchar(50) DEFAULT NULL,
  `enrol_no` varchar(20) DEFAULT NULL,
  `first_name` varchar(50) DEFAULT NULL,
  `last_name` varchar(50) DEFAULT NULL,
  `phone_no` varchar(15) DEFAULT NULL,
  PRIMARY KEY (`id`)
) ENGINE=InnoDB AUTO_INCREMENT=14 DEFAULT CHARSET=latin1;

/*Data for the table `st_student` */

insert  into `st_student`(`id`,`created_by`,`created_datetime`,`modified_by`,`modified_datetime`,`org_id`,`org_name`,`college_id`,`college_name`,`dob`,`email`,`enrol_no`,`first_name`,`last_name`,`phone_no`) values 
(1,'root@sunilos.com','2022-05-24 16:55:27','root@sunilos.com','2022-05-24 16:55:27',0,'root',1,'Medicaps','1996-05-22 05:30:00','rishabh@gmail.com','2020CS1001','Rishabh','Sanghavi','9425012345'),
(2,'root@sunilos.com','2022-05-24 16:56:17','root@sunilos.com','2022-05-24 16:56:17',0,'root',2,'LNCT','1998-08-14 05:30:00','animesh@gmail.com','2020CS1002','Animesh','Porwal','9425012345'),
(3,'root@sunilos.com','2022-05-24 16:57:16','root@sunilos.com','2022-05-24 16:57:16',0,'root',2,'LNCT','1997-07-07 05:30:00','mitesh@gmail.com','2020CS1003','Mitesh','Kabra','9892925656'),
(4,'root@sunilos.com','2022-05-24 16:58:05','root@sunilos.com','2022-05-24 16:58:05',0,'root',5,'BITS','2003-03-03 05:30:00','amit@gmail.com','2020CS1004','Amit','Bajaj','9425012345'),
(6,NULL,NULL,'root@sunilos.com','2022-05-24 18:43:03',0,NULL,3,'ORIENTAL','1996-09-05 05:30:00','akshay@gmail.com','2020CS1007','Akshay','singh','9425012345'),
(7,'root@sunilos.com','2022-05-24 18:41:44','root@sunilos.com','2022-05-24 18:41:44',0,'root',6,'VITS','1995-05-05 05:30:00','pankaj@gmail.com','2020CS1005','pankaj','soni','9425012345'),
(8,'root@sunilos.com','2022-05-24 18:42:46','root@sunilos.com','2022-05-24 18:42:46',0,'root',7,'XAVIER COLLEGE','2000-09-09 05:30:00','piyush@gmail.com','2020CS1006','piyush','jain','9425012345'),
(9,'root@sunilos.com','2022-05-24 18:44:24','root@sunilos.com','2022-05-24 18:44:24',0,'root',7,'XAVIER COLLEGE','2001-12-21 05:30:00','tarun@gmail.com','2020CS1008','tarun','tomar','9425012345'),
(10,'root@sunilos.com','2022-05-24 18:57:19','root@sunilos.com','2022-05-24 18:57:19',0,'root',5,'BITS','1996-08-04 05:30:00','mayank@gmail.com','2020CS1009','Mayank','Mishra','9425012345'),
(11,'root@sunilos.com','2022-05-24 18:58:30','root@sunilos.com','2022-05-24 18:58:30',0,'root',1,'Medicaps','1998-03-03 05:30:00','mayur@gmail.com','2020CS1010','Mayur','Gupta','9892925656'),
(12,'root@sunilos.com','2022-05-24 19:00:39','root@sunilos.com','2022-05-24 19:00:39',0,'root',2,'LNCT','1995-10-01 05:30:00','gopesh@gmail.com','2020CS1011','Gopesh','Kumar','9425012345'),
(13,'root@sunilos.com','2022-05-24 19:03:25','root@sunilos.com','2022-05-24 19:03:25',0,'root',5,'BITS','1992-02-02 05:30:00','ishaan@gmail.com','2020CS1012','Ishaan','Rastogi','9752341412');

/*Table structure for table `st_subject` */

DROP TABLE IF EXISTS `st_subject`;

CREATE TABLE `st_subject` (
  `id` bigint(20) NOT NULL AUTO_INCREMENT,
  `created_by` varchar(50) DEFAULT NULL,
  `created_datetime` datetime DEFAULT NULL,
  `modified_by` varchar(50) DEFAULT NULL,
  `modified_datetime` datetime DEFAULT NULL,
  `org_id` bigint(20) DEFAULT NULL,
  `org_name` varchar(50) DEFAULT NULL,
  `course_id` bigint(20) DEFAULT NULL,
  `course_name` varchar(50) DEFAULT NULL,
  `description` varchar(50) DEFAULT NULL,
  `subject_id` bigint(20) DEFAULT NULL,
  `subject_name` varchar(50) DEFAULT NULL,
  PRIMARY KEY (`id`)
) ENGINE=InnoDB AUTO_INCREMENT=8 DEFAULT CHARSET=latin1;

/*Data for the table `st_subject` */

insert  into `st_subject`(`id`,`created_by`,`created_datetime`,`modified_by`,`modified_datetime`,`org_id`,`org_name`,`course_id`,`course_name`,`description`,`subject_id`,`subject_name`) values 
(1,'root@sunilos.com','2022-05-24 19:11:45','root@sunilos.com','2022-05-24 19:11:45',0,'root',8,'M.SC (M)','Mathematics',0,'Mathematics'),
(2,'root@sunilos.com','2022-05-24 19:12:02','root@sunilos.com','2022-05-24 19:12:02',0,'root',6,'M.SC (P)','Physics',0,'Physics'),
(3,'root@sunilos.com','2022-05-24 19:12:18','root@sunilos.com','2022-05-24 19:12:18',0,'root',7,'M.SC (C)','Chemistry',0,'Chemistry'),
(4,'root@sunilos.com','2022-05-24 19:13:19','root@sunilos.com','2022-05-24 19:13:19',0,'root',1,'B.E','Algorithms & Structure',0,'Algorithms & Structure'),
(5,'root@sunilos.com','2022-05-24 19:13:42','root@sunilos.com','2022-05-24 19:13:42',0,'root',1,'B.E','Data Science',0,'Data Science'),
(6,'root@sunilos.com','2022-05-24 19:14:32','root@sunilos.com','2022-05-24 19:14:32',0,'root',2,'B.Tech','Database Management System',0,'DBMS'),
(7,'root@sunilos.com','2022-05-24 19:15:26','root@sunilos.com','2022-05-24 19:15:26',0,'root',2,'B.Tech','Operating System',0,'Operating System');

/*Table structure for table `st_timetable` */

DROP TABLE IF EXISTS `st_timetable`;

CREATE TABLE `st_timetable` (
  `id` bigint(20) NOT NULL AUTO_INCREMENT,
  `created_by` varchar(50) DEFAULT NULL,
  `created_datetime` datetime DEFAULT NULL,
  `modified_by` varchar(50) DEFAULT NULL,
  `modified_datetime` datetime DEFAULT NULL,
  `org_id` bigint(20) DEFAULT NULL,
  `org_name` varchar(50) DEFAULT NULL,
  `course_id` bigint(20) DEFAULT NULL,
  `course_name` varchar(50) DEFAULT NULL,
  `description` varchar(50) DEFAULT NULL,
  `exam_date` datetime DEFAULT NULL,
  `exam_time` varchar(50) DEFAULT NULL,
  `semester` varchar(30) DEFAULT NULL,
  `subject_id` bigint(20) DEFAULT NULL,
  `subject_name` varchar(50) DEFAULT NULL,
  PRIMARY KEY (`id`)
) ENGINE=InnoDB AUTO_INCREMENT=8 DEFAULT CHARSET=latin1;

/*Data for the table `st_timetable` */

insert  into `st_timetable`(`id`,`created_by`,`created_datetime`,`modified_by`,`modified_datetime`,`org_id`,`org_name`,`course_id`,`course_name`,`description`,`exam_date`,`exam_time`,`semester`,`subject_id`,`subject_name`) values 
(1,'root@sunilos.com','2022-05-25 11:30:42','root@sunilos.com','2022-05-25 11:30:42',0,'root',1,'B.E','Student must present with their admit card','2022-05-01 05:30:00','08:00 AM to 11:00 AM','8 Semester',4,'Algorithms & Structure'),
(2,'root@sunilos.com','2022-05-25 11:31:08','root@sunilos.com','2022-05-25 11:31:08',0,'root',2,'B.Tech','Student must present with their admit card','2022-05-02 05:30:00','08:00 AM to 11:00 AM','7 Semester',5,'Data Science'),
(3,'root@sunilos.com','2022-05-25 11:32:13','root@sunilos.com','2022-05-25 11:32:13',0,'root',7,'M.SC (C)','Student must present with their admit card','2022-05-03 05:30:00','12:00PM to 3:00PM','6 Semester',3,'Chemistry'),
(4,'root@sunilos.com','2022-05-25 11:32:46','root@sunilos.com','2022-05-25 11:32:46',0,'root',8,'M.SC (M)','Student must present with their admit card','2022-05-04 05:30:00','3:00PM to 6:00PM','4 Semester',1,'Mathematics'),
(5,'root@sunilos.com','2022-05-25 11:33:14','root@sunilos.com','2022-05-25 11:33:14',0,'root',6,'M.SC (P)','Student must present with their admit card','2022-05-06 05:30:00','12:00PM to 3:00PM','5 Semester',2,'Physics'),
(6,'root@sunilos.com','2022-05-25 11:33:36','root@sunilos.com','2022-05-25 11:33:36',0,'root',4,'M.Tech','Student must present with their admit card','2022-05-12 05:30:00','08:00 AM to 11:00 AM','2 Semester',7,'Operating System'),
(7,'root@sunilos.com','2022-05-25 11:34:14','root@sunilos.com','2022-05-25 11:34:14',0,'root',5,'MBA','Student must present with their admit card','2022-05-11 05:30:00','12:00PM to 3:00PM','3 Semester',5,'Data Science');

/*Table structure for table `st_user` */

DROP TABLE IF EXISTS `st_user`;

CREATE TABLE `st_user` (
  `id` bigint(20) NOT NULL AUTO_INCREMENT,
  `first_name` varchar(50) DEFAULT NULL,
  `last_name` varchar(50) DEFAULT NULL,
  `password` varchar(50) DEFAULT NULL,
  `gender` varchar(10) DEFAULT NULL,
  `dob` datetime DEFAULT NULL,
  `email` varchar(50) DEFAULT NULL,
  `phone` varchar(50) DEFAULT NULL,
  `alternate_mobile` varchar(50) DEFAULT NULL,
  `login_id` varchar(50) DEFAULT NULL,
  `role_id` bigint(20) DEFAULT NULL,
  `role_name` varchar(50) DEFAULT NULL,
  `status` varchar(20) DEFAULT NULL,
  `org_id` bigint(20) DEFAULT NULL,
  `org_name` varchar(50) DEFAULT NULL,
  `access_time_from` time DEFAULT NULL,
  `access_time_to` time DEFAULT NULL,
  `image_id` bigint(20) DEFAULT NULL,
  `last_login` datetime DEFAULT NULL,
  `unsuccess_login` int(11) DEFAULT NULL,
  `valid_from_date` datetime DEFAULT NULL,
  `valid_to_date` datetime DEFAULT NULL,
  `created_by` varchar(50) DEFAULT NULL,
  `created_datetime` datetime DEFAULT NULL,
  `modified_by` varchar(50) DEFAULT NULL,
  `modified_datetime` datetime DEFAULT NULL,
  PRIMARY KEY (`id`)
) ENGINE=InnoDB AUTO_INCREMENT=10 DEFAULT CHARSET=latin1;

/*Data for the table `st_user` */

insert  into `st_user`(`id`,`first_name`,`last_name`,`password`,`gender`,`dob`,`email`,`phone`,`alternate_mobile`,`login_id`,`role_id`,`role_name`,`status`,`org_id`,`org_name`,`access_time_from`,`access_time_to`,`image_id`,`last_login`,`unsuccess_login`,`valid_from_date`,`valid_to_date`,`created_by`,`created_datetime`,`modified_by`,`modified_datetime`) values 
(1,'Apoorv','Nema','12345','Male','1988-08-06 05:30:00','apoorv@gmail.com','9827012345','9827012346','apoorv@gmail.com',1,'Admin','Active',0,NULL,NULL,NULL,NULL,'2022-06-29 18:45:24',0,NULL,NULL,'root',NULL,'apoorv@gmail.com','2022-06-29 18:45:24'),
(3,'Shikhar','Chouhan','12345','Male','2001-01-09 05:30:00','shikhar','9827012345','9827012346','shikhar',2,'Student','Active',0,'root',NULL,NULL,2,NULL,0,NULL,NULL,'root@sunilos.com','2022-05-24 11:40:03','root@sunilos.com','2022-05-24 11:40:03'),
(4,'Rahul','Dubey','12345','Male','1997-03-18 05:30:00','rahul@gmail.com','9827012345','9827012346','rahul@gmail.com',2,'Student','Active',0,'root',NULL,NULL,3,NULL,0,NULL,NULL,'root@sunilos.com','2022-05-24 11:41:15','root@sunilos.com','2022-05-24 11:41:16'),
(5,'Ankit','Sharma','12345','Male','1999-06-24 05:30:00','ankit@gmail.com','9827088888','9752377777','ankit@gmail.com',3,'college_school','Active',0,'root',NULL,NULL,4,NULL,0,NULL,NULL,'root@sunilos.com','2022-05-24 11:42:58','root@sunilos.com','2022-05-24 11:42:59'),
(6,'Ankur','Malpani','12345','Male','2010-06-21 05:30:00','ankur@gmail.com','9892929696','9652427878','ankur@gmail.com',3,'Student','Active',0,'root',NULL,NULL,5,NULL,0,NULL,NULL,'root@sunilos.com','2022-05-24 11:44:34','root@sunilos.com','2022-05-24 11:44:35'),
(7,'Devashish','Sharma','12345','Male','2010-09-21 05:30:00','devashish@gmail.com','9827012345','9827012346','devashish@gmail.com',1,'Admin','Active',0,'root',NULL,NULL,6,NULL,0,NULL,NULL,'root@sunilos.com','2022-05-24 12:04:30','root@sunilos.com','2022-05-24 12:04:30'),
(8,'Raunak','Kumar','12345','Male','2014-06-19 05:30:00','raunak@gmail.com','9827012345','9752312345','raunak@gmail.com',4,'Kiosk','Active',0,NULL,NULL,NULL,9,NULL,0,NULL,NULL,'root',NULL,'root@sunilos.com','2022-05-24 12:06:28'),
(9,'raunak','kumar','12345','Male','1999-06-24 05:30:00','raunak','9827012345','9827012345','raunak',4,'Kiosk','Active',0,NULL,NULL,NULL,11,NULL,0,NULL,NULL,'root',NULL,'root@sunilos.com','2022-05-24 12:07:37');

/*!40101 SET SQL_MODE=@OLD_SQL_MODE */;
/*!40014 SET FOREIGN_KEY_CHECKS=@OLD_FOREIGN_KEY_CHECKS */;
/*!40014 SET UNIQUE_CHECKS=@OLD_UNIQUE_CHECKS */;
/*!40111 SET SQL_NOTES=@OLD_SQL_NOTES */;
